Season,Date,hour,Stadium,latitude,longitude,HomeTeam,AwayTeam,is_weekend,is_holiday,is_close_match,HomeTeam_position,AwayTeam_position,is_top_match,has_min_one_top_club,had_extreme_weather,Attendance_percentage
2017_18,2017-11-04,15,John Smith's Stadium,53.65417,-1.76833,Huddersfield Town,West Bromwich Albion,1,0,1,11,14,0,0,0,98.65
2017_18,2017-11-04,15,St James' Park,54.97556,-1.62167,Newcastle United,AFC Bournemouth,1,0,0,9,19,0,0,0,99.81
2017_18,2017-11-04,15,St Mary's Stadium,50.90583,-1.39111,Southampton,Burnley,1,0,0,9,7,0,0,1,94.15
2017_18,2017-11-04,15,Swansea.com Stadium,51.64278,-3.93472,Swansea City,Brighton & Hove Albion,1,0,1,17,12,0,0,1,98.74
2017_18,2017-11-04,17,London Stadium,51.53861,-0.01639,West Ham United,Liverpool,1,0,0,16,6,0,1,0,91.14
2017_18,2017-11-04,12,bet365 Stadium,52.98833,-2.17556,Stoke City,Leicester City,1,0,1,13,11,0,0,1,98.32
2017_18,2017-11-05,16,Goodison Park,53.43889,-2.96639,Everton,Watford,1,0,0,18,7,0,0,0,97.57
2017_18,2017-11-05,16,Stamford Bridge,51.48167,-0.19111,Chelsea,Manchester United,1,0,0,4,2,1,1,0,100.0
2017_18,2017-11-05,14,Etihad Stadium,53.48306,-2.20028,Manchester City,Arsenal,1,0,0,1,5,1,1,0,98.67
2017_18,2017-11-05,12,Tottenham Hotspur Stadium,51.60472,-0.06639,Tottenham Hotspur,Crystal Palace,1,0,0,3,20,0,1,0,100.0
2017_18,2017-11-18,12,Emirates Stadium,51.555,-0.10861,Arsenal,Tottenham Hotspur,1,0,0,6,3,1,1,0,98.07
2017_18,2017-11-18,15,Turf Moor,53.78917,-2.23028,Burnley,Swansea City,1,0,0,7,18,0,0,1,86.11
2017_18,2017-11-18,15,Selhurst Park,51.39833,-0.08556,Crystal Palace,Everton,1,0,0,20,15,0,0,1,98.0
2017_18,2017-11-18,15,King Power Stadium,52.62028,-1.14222,Leicester City,Manchester City,1,0,0,12,1,0,1,1,98.87
2017_18,2017-11-18,15,Anfield,53.43083,-2.96083,Liverpool,Southampton,1,0,0,6,13,0,1,1,87.73
2017_18,2017-11-18,17,Old Trafford,53.46306,-2.29139,Manchester United,Newcastle United,1,0,0,2,11,0,1,0,100.0
2017_18,2017-11-18,15,The Hawthorns,52.50917,-1.96389,West Bromwich Albion,Chelsea,1,0,0,15,4,0,1,0,88.4
2017_18,2017-11-18,15,Vitality Stadium,50.73528,-1.83833,AFC Bournemouth,Huddersfield Town,1,0,0,16,10,0,0,0,96.03
2017_18,2017-11-19,16,Vicarage Road,51.65,-0.40167,Watford,West Ham United,1,0,0,9,17,0,0,0,90.17
2017_18,2017-11-20,20,Amex Stadium,50.8618222,-0.083278,Brighton & Hove Albion,Stoke City,0,0,0,8,14,0,0,0,93.32
2017_18,2017-11-24,20,London Stadium,51.53861,-0.01639,West Ham United,Leicester City,0,0,1,18,12,0,0,0,91.04
2017_18,2017-11-25,15,St James' Park,54.97556,-1.62167,Newcastle United,Watford,1,0,0,11,8,0,0,0,99.71
2017_18,2017-11-25,15,Tottenham Hotspur Stadium,51.60472,-0.06639,Tottenham Hotspur,West Bromwich Albion,1,0,0,4,17,0,1,0,100.0
2017_18,2017-11-25,17,Anfield,53.43083,-2.96083,Liverpool,Chelsea,1,0,0,5,3,1,1,0,87.68
2017_18,2017-11-25,15,Old Trafford,53.46306,-2.29139,Manchester United,Brighton & Hove Albion,1,0,0,2,9,0,1,0,100.0
2017_18,2017-11-25,15,Swansea.com Stadium,51.64278,-3.93472,Swansea City,AFC Bournemouth,1,0,1,19,13,0,0,0,95.92
2017_18,2017-11-25,15,Selhurst Park,51.39833,-0.08556,Crystal Palace,Stoke City,1,0,0,20,15,0,0,0,91.08
2017_18,2017-11-26,16,John Smith's Stadium,53.65417,-1.76833,Huddersfield Town,Manchester City,1,0,0,10,1,0,1,0,98.45
2017_18,2017-11-26,13,St Mary's Stadium,50.90583,-1.39111,Southampton,Everton,1,0,0,14,16,0,0,0,94.06
2017_18,2017-11-26,14,Turf Moor,53.78917,-2.23028,Burnley,Arsenal,1,0,0,7,6,0,1,0,98.99
2017_18,2017-11-28,19,Amex Stadium,50.8618222,-0.083278,Brighton & Hove Albion,Crystal Palace,0,0,1,9,20,0,0,0,93.99
2017_18,2017-11-28,19,King Power Stadium,52.62028,-1.14222,Leicester City,Tottenham Hotspur,0,0,0,11,4,0,1,0,99.0
2017_18,2017-11-28,20,Vicarage Road,51.65,-0.40167,Watford,Manchester United,0,0,0,8,2,0,1,0,92.58
2017_18,2017-11-28,20,The Hawthorns,52.50917,-1.96389,West Bromwich Albion,Newcastle United,0,0,0,17,13,0,0,0,95.68
2017_18,2017-11-29,19,Vitality Stadium,50.73528,-1.83833,AFC Bournemouth,Burnley,0,0,0,12,7,0,0,0,90.93
2017_18,2017-11-29,19,Emirates Stadium,51.555,-0.10861,Arsenal,Huddersfield Town,0,0,0,4,11,0,1,0,97.66
2017_18,2017-11-29,19,Stamford Bridge,51.48167,-0.19111,Chelsea,Swansea City,0,0,0,3,19,0,1,0,100.0
2017_18,2017-11-29,20,Goodison Park,53.43889,-2.96639,Everton,West Ham United,0,0,1,16,18,0,0,0,96.64
2017_18,2017-11-29,20,Etihad Stadium,53.48306,-2.20028,Manchester City,Southampton,0,0,0,1,10,0,1,0,97.07
2017_18,2017-11-29,20,bet365 Stadium,52.98833,-2.17556,Stoke City,Liverpool,0,0,0,15,5,0,1,0,97.72
2017_18,2017-12-02,17,Emirates Stadium,51.555,-0.10861,Arsenal,Manchester United,1,0,0,4,2,1,1,0,98.09
2017_18,2017-12-02,15,Amex Stadium,50.8618222,-0.083278,Brighton & Hove Albion,Liverpool,1,0,0,10,5,0,1,0,96.33
2017_18,2017-12-02,12,Stamford Bridge,51.48167,-0.19111,Chelsea,Newcastle United,1,0,0,3,12,0,1,0,100.0
2017_18,2017-12-02,15,King Power Stadium,52.62028,-1.14222,Leicester City,Burnley,1,0,0,9,6,0,0,0,95.17
2017_18,2017-12-02,15,bet365 Stadium,52.98833,-2.17556,Stoke City,Swansea City,1,0,0,16,19,0,0,0,93.86
2017_18,2017-12-02,15,Vicarage Road,51.65,-0.40167,Watford,Tottenham Hotspur,1,0,0,8,5,0,1,0,91.34
2017_18,2017-12-02,15,The Hawthorns,52.50917,-1.96389,West Bromwich Albion,Crystal Palace,1,0,1,16,20,0,0,0,88.17
2017_18,2017-12-02,15,Goodison Park,53.43889,-2.96639,Everton,Huddersfield Town,1,0,0,13,14,0,0,0,98.98
2017_18,2017-12-03,13,Vitality Stadium,50.73528,-1.83833,AFC Bournemouth,Southampton,1,0,0,15,11,0,0,0,95.01
2017_18,2017-12-03,16,Etihad Stadium,53.48306,-2.20028,Manchester City,West Ham United,1,0,0,1,18,0,1,0,98.52
2017_18,2017-12-09,12,London Stadium,51.53861,-0.01639,West Ham United,Chelsea,1,0,0,19,3,0,1,1,91.12
2017_18,2017-12-09,15,Tottenham Hotspur Stadium,51.60472,-0.06639,Tottenham Hotspur,Stoke City,1,0,0,6,13,0,1,0,98.97
2017_18,2017-12-09,15,Swansea.com Stadium,51.64278,-3.93472,Swansea City,West Bromwich Albion,1,0,1,20,17,0,0,0,92.85
2017_18,2017-12-09,15,John Smith's Stadium,53.65417,-1.76833,Huddersfield Town,Brighton & Hove Albion,1,0,1,15,11,0,0,0,98.03
2017_18,2017-12-09,15,Selhurst Park,51.39833,-0.08556,Crystal Palace,AFC Bournemouth,1,0,0,18,14,0,0,0,95.3
2017_18,2017-12-09,15,Turf Moor,53.78917,-2.23028,Burnley,Watford,1,0,1,7,8,0,0,0,88.77
2017_18,2017-12-09,17,St James' Park,54.97556,-1.62167,Newcastle United,Leicester City,1,0,1,14,9,0,0,0,99.58
2017_18,2017-12-10,14,Anfield,53.43083,-2.96083,Liverpool,Everton,1,0,0,4,10,0,1,1,87.44
2017_18,2017-12-10,16,Old Trafford,53.46306,-2.29139,Manchester United,Manchester City,1,0,0,2,1,1,1,1,99.96
2017_18,2017-12-10,12,St Mary's Stadium,50.90583,-1.39111,Southampton,Arsenal,1,0,0,11,5,0,1,0,97.71
2017_18,2017-12-12,20,John Smith's Stadium,53.65417,-1.76833,Huddersfield Town,Chelsea,0,0,0,11,3,0,1,0,98.65
2017_18,2017-12-12,19,Turf Moor,53.78917,-2.23028,Burnley,Stoke City,0,0,0,7,15,0,0,0,90.73
2017_18,2017-12-12,20,Selhurst Park,51.39833,-0.08556,Crystal Palace,Watford,0,0,0,20,9,0,0,0,90.47
2017_18,2017-12-13,20,Anfield,53.43083,-2.96083,Liverpool,West Bromwich Albion,0,0,0,4,17,0,1,0,87.71
2017_18,2017-12-13,20,Old Trafford,53.46306,-2.29139,Manchester United,AFC Bournemouth,0,0,0,2,14,0,1,1,99.89
2017_18,2017-12-13,19,St James' Park,54.97556,-1.62167,Newcastle United,Everton,0,0,0,16,10,0,0,0,97.52
2017_18,2017-12-13,19,St Mary's Stadium,50.90583,-1.39111,Southampton,Leicester City,0,0,0,11,8,0,0,0,85.58
2017_18,2017-12-13,19,Swansea.com Stadium,51.64278,-3.93472,Swansea City,Manchester City,0,0,0,19,1,0,1,0,98.97
2017_18,2017-12-13,20,Tottenham Hotspur Stadium,51.60472,-0.06639,Tottenham Hotspur,Brighton & Hove Albion,0,0,0,5,13,0,1,0,87.71
2017_18,2017-12-13,20,London Stadium,51.53861,-0.01639,West Ham United,Arsenal,0,0,0,18,5,0,1,1,91.07
2017_18,2017-12-16,15,Emirates Stadium,51.555,-0.10861,Arsenal,Newcastle United,1,0,0,7,16,0,1,1,97.82
2017_18,2017-12-16,15,Amex Stadium,50.8618222,-0.083278,Brighton & Hove Albion,Burnley,1,0,0,13,4,0,0,1,94.09
2017_18,2017-12-16,15,Stamford Bridge,51.48167,-0.19111,Chelsea,Southampton,1,0,0,3,11,0,1,0,100.0
2017_18,2017-12-16,12,King Power Stadium,52.62028,-1.14222,Leicester City,Crystal Palace,1,0,0,8,17,0,0,0,96.31
2017_18,2017-12-16,17,Etihad Stadium,53.48306,-2.20028,Manchester City,Tottenham Hotspur,1,0,0,1,4,1,1,0,98.54
2017_18,2017-12-16,16,bet365 Stadium,52.98833,-2.17556,Stoke City,West Ham United,1,0,0,15,19,0,0,0,97.2
2017_18,2017-12-16,15,Vicarage Road,51.65,-0.40167,Watford,Huddersfield Town,1,0,0,9,12,0,0,1,90.21
2017_18,2017-12-17,16,Vitality Stadium,50.73528,-1.83833,AFC Bournemouth,Liverpool,1,0,0,14,5,0,1,0,95.15
2017_18,2017-12-17,14,The Hawthorns,52.50917,-1.96389,West Bromwich Albion,Manchester United,1,0,0,17,2,0,1,0,92.86
2017_18,2017-12-18,20,Goodison Park,53.43889,-2.96639,Everton,Swansea City,0,0,0,10,20,0,0,0,94.97
2017_18,2017-12-22,19,Emirates Stadium,51.555,-0.10861,Arsenal,Liverpool,0,0,1,4,4,1,1,0,97.87
2017_18,2017-12-23,15,Amex Stadium,50.8618222,-0.083278,Brighton & Hove Albion,Watford,1,0,1,13,9,0,0,0,95.83
2017_18,2017-12-23,17,Turf Moor,53.78917,-2.23028,Burnley,Tottenham Hotspur,1,0,0,5,7,0,1,0,98.66
2017_18,2017-12-23,12,Goodison Park,53.43889,-2.96639,Everton,Chelsea,1,0,0,9,3,0,1,0,99.04
2017_18,2017-12-23,19,King Power Stadium,52.62028,-1.14222,Leicester City,Manchester United,1,0,0,8,2,0,1,0,99.78
2017_18,2017-12-23,15,Etihad Stadium,53.48306,-2.20028,Manchester City,AFC Bournemouth,1,0,0,1,16,0,1,0,98.64
2017_18,2017-12-23,15,St Mary's Stadium,50.90583,-1.39111,Southampton,Huddersfield Town,1,0,0,12,11,0,0,0,91.63
2017_18,2017-12-23,15,bet365 Stadium,52.98833,-2.17556,Stoke City,West Bromwich Albion,1,0,0,17,19,0,0,0,96.51
2017_18,2017-12-23,15,Swansea.com Stadium,51.64278,-3.93472,Swansea City,Crystal Palace,1,0,0,20,14,0,0,0,96.52
2017_18,2017-12-23,15,London Stadium,51.53861,-0.01639,West Ham United,Newcastle United,1,0,0,15,18,0,0,0,91.13
2017_18,2017-12-26,15,John Smith's Stadium,53.65417,-1.76833,Huddersfield Town,Stoke City,0,1,0,11,14,0,0,1,98.15
2017_18,2017-12-26,15,The Hawthorns,52.50917,-1.96389,West Bromwich Albion,Everton,0,1,0,19,9,0,0,0,95.04
2017_18,2017-12-26,15,Vicarage Road,51.65,-0.40167,Watford,Leicester City,0,1,1,10,8,0,0,1,91.48
2017_18,2017-12-26,12,Tottenham Hotspur Stadium,51.60472,-0.06639,Tottenham Hotspur,Southampton,0,1,0,5,13,0,1,0,88.17
2017_18,2017-12-26,15,Old Trafford,53.46306,-2.29139,Manchester United,Burnley,0,1,0,2,7,0,1,0,100.0
2017_18,2017-12-26,15,Vitality Stadium,50.73528,-1.83833,AFC Bournemouth,West Ham United,0,1,0,18,17,0,0,0,93.53
2017_18,2017-12-26,15,Stamford Bridge,51.48167,-0.19111,Chelsea,Brighton & Hove Albion,0,1,0,3,12,0,1,0,100.0
2017_18,2017-12-26,17,Anfield,53.43083,-2.96083,Liverpool,Swansea City,0,1,0,4,20,0,1,1,87.06
2017_18,2017-12-27,19,St James' Park,54.97556,-1.62167,Newcastle United,Manchester City,0,0,0,15,1,0,1,0,99.95
2017_18,2017-12-28,20,Selhurst Park,51.39833,-0.08556,Crystal Palace,Arsenal,0,0,0,16,5,0,1,0,98.91
2017_18,2017-12-30,15,Vicarage Road,51.65,-0.40167,Watford,Swansea City,1,0,0,10,20,0,0,0,90.1
2017_18,2017-12-30,15,John Smith's Stadium,53.65417,-1.76833,Huddersfield Town,Burnley,1,0,0,11,7,0,0,0,98.35
2017_18,2017-12-30,15,Anfield,53.43083,-2.96083,Liverpool,Leicester City,1,0,0,4,8,0,1,0,87.68
2017_18,2017-12-30,15,Vitality Stadium,50.73528,-1.83833,AFC Bournemouth,Everton,1,0,0,18,9,0,0,0,92.66
2017_18,2017-12-30,17,Old Trafford,53.46306,-2.29139,Manchester United,Southampton,1,0,0,2,14,0,1,0,100.0
2017_18,2017-12-30,15,Stamford Bridge,51.48167,-0.19111,Chelsea,Stoke City,1,0,0,3,13,0,1,0,100.0
2017_18,2017-12-30,15,St James' Park,54.97556,-1.62167,Newcastle United,Brighton & Hove Albion,1,0,0,15,12,0,0,0,99.75
2017_18,2017-12-31,16,The Hawthorns,52.50917,-1.96389,West Bromwich Albion,Arsenal,1,0,0,19,6,0,1,0,98.26
2017_18,2017-12-31,12,Selhurst Park,51.39833,-0.08556,Crystal Palace,Manchester City,1,0,0,16,1,0,1,0,99.07
2017_18,2018-01-01,12,Amex Stadium,50.8618222,-0.083278,Brighton & Hove Albion,AFC Bournemouth,0,1,0,12,14,0,0,1,94.82
2017_18,2018-01-01,15,bet365 Stadium,52.98833,-2.17556,Stoke City,Newcastle United,0,1,0,15,16,0,0,1,94.56
2017_18,2018-01-01,15,Turf Moor,53.78917,-2.23028,Burnley,Liverpool,0,1,0,7,4,0,1,1,99.14
2017_18,2018-01-01,17,Goodison Park,53.43889,-2.96639,Everton,Manchester United,0,1,0,9,3,0,1,1,99.03
2017_18,2018-01-01,15,King Power Stadium,52.62028,-1.14222,Leicester City,Huddersfield Town,0,1,0,8,11,0,0,1,98.37
2017_18,2018-01-02,20,Etihad Stadium,53.48306,-2.20028,Manchester City,Watford,0,0,0,1,10,0,1,1,97.34
2017_18,2018-01-02,19,St Mary's Stadium,50.90583,-1.39111,Southampton,Crystal Palace,0,0,0,13,17,0,0,0,87.73
2017_18,2018-01-02,19,Swansea.com Stadium,51.64278,-3.93472,Swansea City,Tottenham Hotspur,0,0,0,19,5,0,1,0,97.76
2017_18,2018-01-02,19,London Stadium,51.53861,-0.01639,West Ham United,West Bromwich Albion,0,0,0,17,19,0,0,1,91.02
2017_18,2018-01-03,19,Emirates Stadium,51.555,-0.10861,Arsenal,Chelsea,0,0,0,5,2,1,1,0,97.82
2017_18,2018-01-04,20,Tottenham Hotspur Stadium,51.60472,-0.06639,Tottenham Hotspur,West Ham United,0,0,0,5,16,0,1,1,79.61
2017_18,2018-01-13,15,Stamford Bridge,51.48167,-0.19111,Chelsea,Leicester City,1,0,0,3,8,0,1,0,100.0
2017_18,2018-01-13,15,Selhurst Park,51.39833,-0.08556,Crystal Palace,Burnley,1,0,0,14,7,0,0,0,94.81
2017_18,2018-01-13,15,John Smith's Stadium,53.65417,-1.76833,Huddersfield Town,West Ham United,1,0,1,11,15,0,0,0,98.39
2017_18,2018-01-13,15,St James' Park,54.97556,-1.62167,Newcastle United,Swansea City,1,0,0,13,20,0,0,0,98.29
2017_18,2018-01-13,17,Tottenham Hotspur Stadium,51.60472,-0.06639,Tottenham Hotspur,Everton,1,0,0,5,9,0,1,0,100.0
2017_18,2018-01-13,15,Vicarage Road,51.65,-0.40167,Watford,Southampton,1,0,1,10,17,0,0,0,90.17
2017_18,2018-01-13,15,The Hawthorns,52.50917,-1.96389,West Bromwich Albion,Brighton & Hove Albion,1,0,0,19,12,0,0,0,94.57
2017_18,2018-01-14,13,Vitality Stadium,50.73528,-1.83833,AFC Bournemouth,Arsenal,1,0,0,14,6,0,1,0,95.65
2017_18,2018-01-14,16,Anfield,53.43083,-2.96083,Liverpool,Manchester City,1,0,0,4,1,1,1,0,87.78
2017_18,2018-01-15,20,Old Trafford,53.46306,-2.29139,Manchester United,Stoke City,0,0,0,2,16,0,1,1,99.8
2017_18,2018-01-20,15,Emirates Stadium,51.555,-0.10861,Arsenal,Crystal Palace,1,0,0,6,12,0,1,1,97.83
2017_18,2018-01-20,12,Amex Stadium,50.8618222,-0.083278,Brighton & Hove Albion,Chelsea,1,0,0,15,3,0,1,0,96.23
2017_18,2018-01-20,15,Turf Moor,53.78917,-2.23028,Burnley,Manchester United,1,0,0,7,2,0,1,1,99.53
2017_18,2018-01-20,15,Goodison Park,53.43889,-2.96639,Everton,West Bromwich Albion,1,0,0,9,19,0,0,1,98.71
2017_18,2018-01-20,15,King Power Stadium,52.62028,-1.14222,Leicester City,Watford,1,0,0,8,10,0,0,1,98.82
2017_18,2018-01-20,17,Etihad Stadium,53.48306,-2.20028,Manchester City,Newcastle United,1,0,0,1,14,0,1,1,98.97
2017_18,2018-01-20,15,bet365 Stadium,52.98833,-2.17556,Stoke City,Huddersfield Town,1,0,0,18,13,0,0,1,98.92
2017_18,2018-01-20,15,London Stadium,51.53861,-0.01639,West Ham United,AFC Bournemouth,1,0,0,11,13,0,0,1,91.12
2017_18,2018-01-21,16,St Mary's Stadium,50.90583,-1.39111,Southampton,Tottenham Hotspur,1,0,0,16,5,0,1,0,96.84
2017_18,2018-01-22,20,Swansea.com Stadium,51.64278,-3.93472,Swansea City,Liverpool,0,0,0,20,3,0,1,0,99.04
2017_18,2018-01-30,20,John Smith's Stadium,53.65417,-1.76833,Huddersfield Town,Liverpool,0,0,0,14,4,0,1,0,98.45
2017_18,2018-01-30,19,Swansea.com Stadium,51.64278,-3.93472,Swansea City,Arsenal,0,0,0,20,6,0,1,0,98.72
2017_18,2018-01-30,19,London Stadium,51.53861,-0.01639,West Ham United,Crystal Palace,0,0,0,11,13,0,0,0,91.06
2017_18,2018-01-31,19,Stamford Bridge,51.48167,-0.19111,Chelsea,AFC Bournemouth,0,0,0,3,12,0,1,0,100.0
2017_18,2018-01-31,19,Goodison Park,53.43889,-2.96639,Everton,Leicester City,0,0,1,9,7,0,0,1,97.02
2017_18,2018-01-31,20,Etihad Stadium,53.48306,-2.20028,Manchester City,West Bromwich Albion,0,0,0,1,19,0,1,0,96.77
2017_18,2018-01-31,19,St James' Park,54.97556,-1.62167,Newcastle United,Burnley,0,0,0,15,8,0,0,0,95.87
2017_18,2018-01-31,19,St Mary's Stadium,50.90583,-1.39111,Southampton,Brighton & Hove Albion,0,0,0,18,16,0,0,0,92.74
2017_18,2018-01-31,20,bet365 Stadium,52.98833,-2.17556,Stoke City,Watford,0,0,0,17,10,0,0,1,91.2
2017_18,2018-01-31,20,Tottenham Hotspur Stadium,51.60472,-0.06639,Tottenham Hotspur,Manchester United,0,0,0,5,2,1,1,0,100.0
2017_18,2018-02-03,15,King Power Stadium,52.62028,-1.14222,Leicester City,Swansea City,1,0,0,8,17,0,0,1,96.61
2017_18,2018-02-03,15,Vitality Stadium,50.73528,-1.83833,AFC Bournemouth,Stoke City,1,0,0,10,16,0,0,1,93.69
2017_18,2018-02-03,15,Old Trafford,53.46306,-2.29139,Manchester United,Huddersfield Town,1,0,0,2,14,0,1,1,99.82
2017_18,2018-02-03,15,The Hawthorns,52.50917,-1.96389,West Bromwich Albion,Southampton,1,0,1,20,18,0,0,1,97.09
2017_18,2018-02-03,17,Emirates Stadium,51.555,-0.10861,Arsenal,Everton,1,0,0,6,9,0,1,1,97.7
2017_18,2018-02-03,15,Amex Stadium,50.8618222,-0.083278,Brighton & Hove Albion,West Ham United,1,0,0,15,10,0,0,1,96.19
2017_18,2018-02-03,12,Turf Moor,53.78917,-2.23028,Burnley,Manchester City,1,0,0,7,1,0,1,1,98.7
2017_18,2018-02-04,14,Selhurst Park,51.39833,-0.08556,Crystal Palace,Newcastle United,1,0,0,12,14,0,0,0,98.84
2017_18,2018-02-04,16,Anfield,53.43083,-2.96083,Liverpool,Tottenham Hotspur,1,0,0,4,5,1,1,0,87.66
2017_18,2018-02-05,20,Vicarage Road,51.65,-0.40167,Watford,Chelsea,0,0,0,11,4,0,1,0,90.8
2017_18,2018-02-10,15,Goodison Park,53.43889,-2.96639,Everton,Crystal Palace,1,0,0,10,14,0,0,1,98.91
2017_18,2018-02-10,17,Etihad Stadium,53.48306,-2.20028,Manchester City,Leicester City,1,0,0,1,8,0,1,1,98.91
2017_18,2018-02-10,15,bet365 Stadium,52.98833,-2.17556,Stoke City,Brighton & Hove Albion,1,0,0,18,13,0,0,1,99.23
2017_18,2018-02-10,15,Swansea.com Stadium,51.64278,-3.93472,Swansea City,Burnley,1,0,0,17,7,0,0,1,95.69
2017_18,2018-02-10,12,Tottenham Hotspur Stadium,51.60472,-0.06639,Tottenham Hotspur,Arsenal,1,0,0,5,6,1,1,0,100.0
2017_18,2018-02-10,15,London Stadium,51.53861,-0.01639,West Ham United,Watford,1,0,0,12,11,0,0,0,89.92
2017_18,2018-02-11,16,St Mary's Stadium,50.90583,-1.39111,Southampton,Liverpool,1,0,0,14,3,0,1,0,98.55
2017_18,2018-02-11,12,John Smith's Stadium,53.65417,-1.76833,Huddersfield Town,AFC Bournemouth,1,0,0,19,9,0,0,1,97.24
2017_18,2018-02-11,14,St James' Park,54.97556,-1.62167,Newcastle United,Manchester United,1,0,0,16,2,0,1,0,99.94
2017_18,2018-02-12,20,Stamford Bridge,51.48167,-0.19111,Chelsea,West Bromwich Albion,0,0,0,4,20,0,1,0,100.0
2017_18,2018-02-24,15,Vitality Stadium,50.73528,-1.83833,AFC Bournemouth,Newcastle United,1,0,0,10,13,0,0,0,95.4
2017_18,2018-02-24,15,Amex Stadium,50.8618222,-0.083278,Brighton & Hove Albion,Swansea City,1,0,0,13,15,0,0,0,95.98
2017_18,2018-02-24,15,Turf Moor,53.78917,-2.23028,Burnley,Southampton,1,0,0,7,18,0,0,0,95.62
2017_18,2018-02-24,12,King Power Stadium,52.62028,-1.14222,Leicester City,Stoke City,1,0,0,8,18,0,0,0,98.44
2017_18,2018-02-24,15,Anfield,53.43083,-2.96083,Liverpool,West Ham United,1,0,0,3,12,0,1,0,87.73
2017_18,2018-02-24,17,Vicarage Road,51.65,-0.40167,Watford,Everton,1,0,0,11,9,0,0,0,92.03
2017_18,2018-02-24,15,The Hawthorns,52.50917,-1.96389,West Bromwich Albion,Huddersfield Town,1,0,0,20,17,0,0,0,97.12
2017_18,2018-02-25,12,Selhurst Park,51.39833,-0.08556,Crystal Palace,Tottenham Hotspur,1,0,0,14,3,0,1,0,97.08
2017_18,2018-02-25,14,Old Trafford,53.46306,-2.29139,Manchester United,Chelsea,1,0,0,2,4,1,1,0,100.0
2017_18,2018-03-01,19,Emirates Stadium,51.555,-0.10861,Arsenal,Manchester City,0,0,0,6,1,1,1,1,96.24
2017_18,2018-03-03,12,Turf Moor,53.78917,-2.23028,Burnley,Everton,1,0,0,7,9,0,0,0,94.8
2017_18,2018-03-03,15,King Power Stadium,52.62028,-1.14222,Leicester City,AFC Bournemouth,1,0,0,8,11,0,0,0,97.25
2017_18,2018-03-03,17,Anfield,53.43083,-2.96083,Liverpool,Newcastle United,1,0,0,2,15,0,1,0,87.78
2017_18,2018-03-03,15,St Mary's Stadium,50.90583,-1.39111,Southampton,Stoke City,1,0,0,16,19,0,0,1,93.67
2017_18,2018-03-03,15,Swansea.com Stadium,51.64278,-3.93472,Swansea City,West Ham United,1,0,0,18,13,0,0,1,98.77
2017_18,2018-03-03,15,Tottenham Hotspur Stadium,51.60472,-0.06639,Tottenham Hotspur,Huddersfield Town,1,0,0,4,14,0,1,1,100.0
2017_18,2018-03-03,15,Vicarage Road,51.65,-0.40167,Watford,West Bromwich Albion,1,0,0,10,20,0,0,0,90.19
2017_18,2018-03-04,13,Amex Stadium,50.8618222,-0.083278,Brighton & Hove Albion,Arsenal,1,0,0,12,6,0,1,1,96.29
2017_18,2018-03-04,16,Etihad Stadium,53.48306,-2.20028,Manchester City,Chelsea,1,0,0,1,5,1,1,1,98.75
2017_18,2018-03-05,20,Selhurst Park,51.39833,-0.08556,Crystal Palace,Manchester United,0,0,0,17,2,0,1,0,99.21
2017_18,2018-03-10,17,Stamford Bridge,51.48167,-0.19111,Chelsea,Crystal Palace,1,0,0,5,18,0,1,0,99.87
2017_18,2018-03-10,15,London Stadium,51.53861,-0.01639,West Ham United,Burnley,1,0,0,14,7,0,0,1,91.05
2017_18,2018-03-10,15,The Hawthorns,52.50917,-1.96389,West Bromwich Albion,Leicester City,1,0,0,20,8,0,0,1,88.27
2017_18,2018-03-10,15,Goodison Park,53.43889,-2.96639,Everton,Brighton & Hove Albion,1,0,0,10,10,0,0,1,99.06
2017_18,2018-03-10,12,Old Trafford,53.46306,-2.29139,Manchester United,Liverpool,1,0,0,2,2,1,1,0,99.97
2017_18,2018-03-10,15,John Smith's Stadium,53.65417,-1.76833,Huddersfield Town,Swansea City,1,0,0,15,13,0,0,1,96.19
2017_18,2018-03-10,15,St James' Park,54.97556,-1.62167,Newcastle United,Southampton,1,0,1,16,17,0,0,0,99.82
2017_18,2018-03-11,16,Vitality Stadium,50.73528,-1.83833,AFC Bournemouth,Tottenham Hotspur,1,0,0,11,4,0,1,0,93.77
2017_18,2018-03-11,13,Emirates Stadium,51.555,-0.10861,Arsenal,Watford,1,0,0,6,9,0,1,0,97.41
2017_18,2018-03-12,20,bet365 Stadium,52.98833,-2.17556,Stoke City,Manchester City,0,0,0,19,1,0,1,1,96.78
2017_18,2018-03-17,15,bet365 Stadium,52.98833,-2.17556,Stoke City,Everton,1,0,1,19,9,0,0,1,99.71
2017_18,2018-03-17,17,Anfield,53.43083,-2.96083,Liverpool,Watford,1,0,0,3,10,0,1,1,87.78
2017_18,2018-03-17,15,Vitality Stadium,50.73528,-1.83833,AFC Bournemouth,West Bromwich Albion,1,0,0,12,20,0,0,1,90.41
2017_18,2018-03-17,15,John Smith's Stadium,53.65417,-1.76833,Huddersfield Town,Crystal Palace,1,0,1,15,18,0,0,1,97.62
2017_18,2018-03-31,15,Amex Stadium,50.8618222,-0.083278,Brighton & Hove Albion,Leicester City,1,0,1,11,8,0,0,1,96.32
2017_18,2018-03-31,15,London Stadium,51.53861,-0.01639,West Ham United,Southampton,1,0,1,16,17,0,0,0,91.01
2017_18,2018-03-31,15,The Hawthorns,52.50917,-1.96389,West Bromwich Albion,Burnley,1,0,0,20,7,0,0,1,87.89
2017_18,2018-03-31,15,Vicarage Road,51.65,-0.40167,Watford,AFC Bournemouth,1,0,0,11,10,0,0,0,91.86
2017_18,2018-03-31,15,Old Trafford,53.46306,-2.29139,Manchester United,Swansea City,1,0,0,2,14,0,1,0,100.0
2017_18,2018-03-31,17,Goodison Park,53.43889,-2.96639,Everton,Manchester City,1,0,0,9,1,0,1,0,99.12
2017_18,2018-03-31,12,Selhurst Park,51.39833,-0.08556,Crystal Palace,Liverpool,1,0,0,16,3,0,1,1,99.08
2017_18,2018-03-31,15,St James' Park,54.97556,-1.62167,Newcastle United,Huddersfield Town,1,0,0,13,15,0,0,1,99.85
2018_19,2018-11-03,12,Vitality Stadium,50.73528,-1.83833,AFC Bournemouth,Manchester United,1,0,0,6,8,0,1,0,95.26
2018_19,2018-11-03,17,Emirates Stadium,51.555,-0.10861,Arsenal,Liverpool,1,0,0,4,1,1,1,0,98.83
2018_19,2018-11-03,15,Cardiff City Stadium,51.47278,-3.20306,Cardiff City,Leicester City,1,0,0,17,12,0,0,0,92.78
2018_19,2018-11-03,15,Goodison Park,53.43889,-2.96639,Everton,Brighton & Hove Albion,1,0,0,9,11,0,0,0,98.47
2018_19,2018-11-03,15,St James' Park,54.97556,-1.62167,Newcastle United,Watford,1,0,1,19,7,0,0,1,93.92
2018_19,2018-11-03,15,London Stadium,51.53861,-0.01639,West Ham United,Burnley,1,0,0,13,15,0,0,0,90.98
2018_19,2018-11-03,19,Molineux Stadium,52.59028,-2.13028,Wolverhampton Wanderers,Tottenham Hotspur,1,0,0,9,5,0,1,0,97.3
2018_19,2018-11-04,15,Etihad Stadium,53.48306,-2.20028,Manchester City,Southampton,1,0,0,1,16,0,1,0,98.0
2018_19,2018-11-04,16,Stamford Bridge,51.48167,-0.19111,Chelsea,Crystal Palace,1,0,0,2,14,0,1,0,98.91
2018_19,2018-11-05,20,John Smith's Stadium,53.65417,-1.76833,Huddersfield Town,Fulham,0,0,0,20,18,0,0,1,69.72
2018_19,2018-11-10,12,Cardiff City Stadium,51.47278,-3.20306,Cardiff City,Brighton & Hove Albion,1,0,0,18,12,0,0,1,88.35
2018_19,2018-11-10,17,Selhurst Park,51.39833,-0.08556,Crystal Palace,Tottenham Hotspur,1,0,0,14,4,0,1,1,98.61
2018_19,2018-11-10,15,John Smith's Stadium,53.65417,-1.76833,Huddersfield Town,West Ham United,1,0,0,18,13,0,0,1,98.24
2018_19,2018-11-10,15,St James' Park,54.97556,-1.62167,Newcastle United,AFC Bournemouth,1,0,1,17,6,0,0,1,94.13
2018_19,2018-11-10,15,St Mary's Stadium,50.90583,-1.39111,Southampton,Watford,1,0,0,16,8,0,0,1,86.93
2018_19,2018-11-11,16,Etihad Stadium,53.48306,-2.20028,Manchester City,Manchester United,1,0,0,1,7,1,1,0,98.73
2018_19,2018-11-11,16,Emirates Stadium,51.555,-0.10861,Arsenal,Wolverhampton Wanderers,1,0,0,5,11,0,1,0,98.89
2018_19,2018-11-11,14,Stamford Bridge,51.48167,-0.19111,Chelsea,Everton,1,0,0,2,9,0,1,0,98.76
2018_19,2018-11-11,12,Anfield,53.43083,-2.96083,Liverpool,Fulham,1,0,0,1,20,0,1,0,87.52
2018_19,2018-11-24,15,Goodison Park,53.43889,-2.96639,Everton,Cardiff City,1,0,0,9,18,0,0,0,98.91
2018_19,2018-11-24,15,Craven Cottage,51.475,-0.22167,Fulham,Southampton,1,0,1,20,17,0,0,0,95.73
2018_19,2018-11-24,15,Amex Stadium,50.8618222,-0.083278,Brighton & Hove Albion,Leicester City,1,0,1,12,10,0,0,1,96.08
2018_19,2018-11-24,15,Old Trafford,53.46306,-2.29139,Manchester United,Crystal Palace,1,0,0,8,16,0,1,0,99.52
2018_19,2018-11-24,17,Tottenham Hotspur Stadium,51.60472,-0.06639,Tottenham Hotspur,Chelsea,1,0,0,4,3,1,1,0,88.25
2018_19,2018-11-24,15,Vicarage Road,51.65,-0.40167,Watford,Liverpool,1,0,0,7,2,0,1,0,92.52
2018_19,2018-11-24,15,London Stadium,51.53861,-0.01639,West Ham United,Manchester City,1,0,0,13,1,0,1,0,91.02
2018_19,2018-11-25,13,Vitality Stadium,50.73528,-1.83833,AFC Bournemouth,Arsenal,1,0,0,6,5,0,1,0,95.26
2018_19,2018-11-25,16,Molineux Stadium,52.59028,-2.13028,Wolverhampton Wanderers,Huddersfield Town,1,0,0,11,19,0,0,0,94.01
2018_19,2018-11-26,20,Turf Moor,53.78917,-2.23028,Burnley,Newcastle United,0,0,1,15,14,0,0,0,94.0
2018_19,2018-11-30,20,Cardiff City Stadium,51.47278,-3.20306,Cardiff City,Wolverhampton Wanderers,0,0,0,18,11,0,0,0,90.78
2018_19,2018-12-01,15,Selhurst Park,51.39833,-0.08556,Crystal Palace,Burnley,1,0,0,15,17,0,0,0,96.36
2018_19,2018-12-01,15,John Smith's Stadium,53.65417,-1.76833,Huddersfield Town,Brighton & Hove Albion,1,0,0,14,12,0,0,0,93.77
2018_19,2018-12-01,15,King Power Stadium,52.62028,-1.14222,Leicester City,Watford,1,0,0,10,9,0,0,0,97.15
2018_19,2018-12-01,15,Etihad Stadium,53.48306,-2.20028,Manchester City,AFC Bournemouth,1,0,0,1,8,0,1,1,98.89
2018_19,2018-12-01,15,St James' Park,54.97556,-1.62167,Newcastle United,West Ham United,1,0,1,13,13,0,0,1,99.07
2018_19,2018-12-01,17,St Mary's Stadium,50.90583,-1.39111,Southampton,Manchester United,1,0,0,17,7,0,1,0,93.22
2018_19,2018-12-02,14,Emirates Stadium,51.555,-0.10861,Arsenal,Tottenham Hotspur,1,0,1,5,3,1,1,0,98.8
2018_19,2018-12-02,12,Stamford Bridge,51.48167,-0.19111,Chelsea,Fulham,1,0,0,4,19,0,1,0,99.26
2018_19,2018-12-04,19,Vitality Stadium,50.73528,-1.83833,AFC Bournemouth,Huddersfield Town,0,0,0,9,17,0,0,1,88.09
2018_19,2018-12-04,19,Amex Stadium,50.8618222,-0.083278,Brighton & Hove Albion,Crystal Palace,0,0,1,11,14,0,0,1,93.28
2018_19,2018-12-04,20,Vicarage Road,51.65,-0.40167,Watford,Manchester City,0,0,0,10,1,0,1,1,91.84
2018_19,2018-12-04,19,London Stadium,51.53861,-0.01639,West Ham United,Cardiff City,0,0,0,13,15,0,0,0,90.9
2018_19,2018-12-05,19,Turf Moor,53.78917,-2.23028,Burnley,Liverpool,0,0,0,19,2,0,1,1,99.07
2018_19,2018-12-05,19,Goodison Park,53.43889,-2.96639,Everton,Newcastle United,0,0,0,6,15,0,0,1,99.44
2018_19,2018-12-05,19,Craven Cottage,51.475,-0.22167,Fulham,Leicester City,0,0,1,20,8,0,0,1,89.03
2018_19,2018-12-05,20,Old Trafford,53.46306,-2.29139,Manchester United,Arsenal,0,0,0,7,4,1,1,1,99.5
2018_19,2018-12-05,19,Molineux Stadium,52.59028,-2.13028,Wolverhampton Wanderers,Chelsea,0,0,0,11,3,0,1,0,97.66
2018_19,2018-12-05,20,Tottenham Hotspur Stadium,51.60472,-0.06639,Tottenham Hotspur,Southampton,0,0,0,5,18,0,1,0,52.53
2018_19,2018-12-08,12,Vitality Stadium,50.73528,-1.83833,AFC Bournemouth,Liverpool,1,0,0,6,2,0,1,0,94.91
2018_19,2018-12-08,15,Emirates Stadium,51.555,-0.10861,Arsenal,Huddersfield Town,1,0,0,5,17,0,1,0,98.66
2018_19,2018-12-08,15,Turf Moor,53.78917,-2.23028,Burnley,Brighton & Hove Albion,1,0,1,19,10,0,0,0,84.29
2018_19,2018-12-08,15,Cardiff City Stadium,51.47278,-3.20306,Cardiff City,Southampton,1,0,0,16,18,0,0,1,90.35
2018_19,2018-12-08,17,Stamford Bridge,51.48167,-0.19111,Chelsea,Manchester City,1,0,0,4,1,1,1,0,99.31
2018_19,2018-12-08,19,King Power Stadium,52.62028,-1.14222,Leicester City,Tottenham Hotspur,1,0,0,9,3,0,1,0,99.02
2018_19,2018-12-08,15,Old Trafford,53.46306,-2.29139,Manchester United,Fulham,1,0,0,8,20,0,1,1,99.52
2018_19,2018-12-08,15,London Stadium,51.53861,-0.01639,West Ham United,Crystal Palace,1,0,0,12,15,0,0,1,91.19
2018_19,2018-12-09,16,St James' Park,54.97556,-1.62167,Newcastle United,Wolverhampton Wanderers,1,0,1,14,12,0,0,0,95.96
2018_19,2018-12-10,20,Goodison Park,53.43889,-2.96639,Everton,Watford,0,0,0,6,11,0,0,0,97.04
2018_19,2018-12-15,15,Selhurst Park,51.39833,-0.08556,Crystal Palace,Leicester City,1,0,1,16,9,0,0,1,94.97
2018_19,2018-12-15,17,Craven Cottage,51.475,-0.22167,Fulham,West Ham United,1,0,0,20,10,0,0,1,93.7
2018_19,2018-12-15,15,John Smith's Stadium,53.65417,-1.76833,Huddersfield Town,Newcastle United,1,0,0,18,15,0,0,1,98.11
2018_19,2018-12-15,15,Vicarage Road,51.65,-0.40167,Watford,Cardiff City,1,0,0,12,14,0,0,1,90.23
2018_19,2018-12-15,15,Molineux Stadium,52.59028,-2.13028,Wolverhampton Wanderers,AFC Bournemouth,1,0,0,10,8,0,0,1,96.71
2018_19,2018-12-15,15,Tottenham Hotspur Stadium,51.60472,-0.06639,Tottenham Hotspur,Burnley,1,0,0,3,17,0,1,1,66.26
2018_19,2018-12-16,13,Amex Stadium,50.8618222,-0.083278,Brighton & Hove Albion,Chelsea,1,0,0,11,4,0,1,1,96.37
2018_19,2018-12-16,16,Anfield,53.43083,-2.96083,Liverpool,Manchester United,1,0,0,1,6,1,1,1,87.16
2018_19,2018-12-16,13,St Mary's Stadium,50.90583,-1.39111,Southampton,Arsenal,1,0,0,19,5,0,1,1,91.09
2018_19,2018-12-21,20,Molineux Stadium,52.59028,-2.13028,Wolverhampton Wanderers,Liverpool,0,0,0,7,1,0,1,1,97.84
2018_19,2018-12-22,15,Vitality Stadium,50.73528,-1.83833,AFC Bournemouth,Brighton & Hove Albion,1,0,0,11,13,0,0,0,92.6
2018_19,2018-12-22,12,Emirates Stadium,51.555,-0.10861,Arsenal,Burnley,1,0,0,5,17,0,1,0,98.01
2018_19,2018-12-22,17,Cardiff City Stadium,51.47278,-3.20306,Cardiff City,Manchester United,1,0,0,16,6,0,1,0,99.24
2018_19,2018-12-22,15,Stamford Bridge,51.48167,-0.19111,Chelsea,Leicester City,1,0,0,4,12,0,1,0,99.28
2018_19,2018-12-22,15,John Smith's Stadium,53.65417,-1.76833,Huddersfield Town,Southampton,1,0,1,18,17,0,0,0,91.36
2018_19,2018-12-22,15,Etihad Stadium,53.48306,-2.20028,Manchester City,Crystal Palace,1,0,0,1,15,0,1,0,98.77
2018_19,2018-12-22,15,St James' Park,54.97556,-1.62167,Newcastle United,Fulham,1,0,0,14,20,0,0,0,97.9
2018_19,2018-12-22,15,London Stadium,51.53861,-0.01639,West Ham United,Watford,1,0,1,9,10,0,0,1,90.93
2018_19,2018-12-23,16,Goodison Park,53.43889,-2.96639,Everton,Tottenham Hotspur,1,0,0,8,3,0,1,1,99.36
2018_19,2018-12-26,15,King Power Stadium,52.62028,-1.14222,Leicester City,Manchester City,0,1,0,9,2,0,1,0,99.43
2018_19,2018-12-26,19,Vicarage Road,51.65,-0.40167,Watford,Chelsea,0,1,0,7,4,0,1,0,91.96
2018_19,2018-12-26,17,Amex Stadium,50.8618222,-0.083278,Brighton & Hove Albion,Arsenal,0,1,0,13,5,0,1,0,96.25
2018_19,2018-12-26,15,Turf Moor,53.78917,-2.23028,Burnley,Everton,0,1,0,18,11,0,0,0,97.9
2018_19,2018-12-26,15,Selhurst Park,51.39833,-0.08556,Crystal Palace,Cardiff City,0,1,0,14,17,0,0,0,96.77
2018_19,2018-12-26,12,Craven Cottage,51.475,-0.22167,Fulham,Wolverhampton Wanderers,0,1,1,20,7,0,0,0,94.87
2018_19,2018-12-26,15,Anfield,53.43083,-2.96083,Liverpool,Newcastle United,0,1,0,1,15,0,1,0,87.83
2018_19,2018-12-26,15,Old Trafford,53.46306,-2.29139,Manchester United,Huddersfield Town,0,1,0,6,19,0,1,0,99.52
2018_19,2018-12-26,15,Tottenham Hotspur Stadium,51.60472,-0.06639,Tottenham Hotspur,AFC Bournemouth,0,1,0,3,8,0,1,0,71.84
2018_19,2018-12-27,19,St Mary's Stadium,50.90583,-1.39111,Southampton,West Ham United,0,0,0,16,12,0,0,0,97.75
2018_19,2018-12-29,17,Anfield,53.43083,-2.96083,Liverpool,Arsenal,1,0,0,1,5,1,1,0,87.84
2018_19,2018-12-29,15,King Power Stadium,52.62028,-1.14222,Leicester City,Cardiff City,1,0,0,7,17,0,0,0,99.3
2018_19,2018-12-29,15,Tottenham Hotspur Stadium,51.60472,-0.06639,Tottenham Hotspur,Wolverhampton Wanderers,1,0,0,2,10,0,1,0,73.76
2018_19,2018-12-29,15,Amex Stadium,50.8618222,-0.083278,Brighton & Hove Albion,Everton,1,0,0,13,8,0,0,0,96.22
2018_19,2018-12-29,15,Vicarage Road,51.65,-0.40167,Watford,Newcastle United,1,0,0,9,15,0,0,0,91.6
2018_19,2018-12-29,15,Craven Cottage,51.475,-0.22167,Fulham,Huddersfield Town,1,0,0,19,20,0,0,0,95.03
2018_19,2018-12-30,16,Old Trafford,53.46306,-2.29139,Manchester United,AFC Bournemouth,1,0,0,6,11,0,1,1,99.57
2018_19,2018-12-30,12,Selhurst Park,51.39833,-0.08556,Crystal Palace,Chelsea,1,0,0,14,4,0,1,0,98.98
2018_19,2018-12-30,14,St Mary's Stadium,50.90583,-1.39111,Southampton,Manchester City,1,0,0,16,3,0,1,0,96.9
2018_19,2018-12-30,14,Turf Moor,53.78917,-2.23028,Burnley,West Ham United,1,0,0,18,9,0,0,0,95.39
2018_19,2019-01-01,15,Emirates Stadium,51.555,-0.10861,Arsenal,Fulham,0,1,0,5,18,0,1,0,98.65
2018_19,2019-01-01,17,Cardiff City Stadium,51.47278,-3.20306,Cardiff City,Tottenham Hotspur,0,1,0,16,2,0,1,0,97.61
2018_19,2019-01-01,12,Goodison Park,53.43889,-2.96639,Everton,Leicester City,0,1,0,10,8,0,0,0,98.69
2018_19,2019-01-02,19,Vitality Stadium,50.73528,-1.83833,AFC Bournemouth,Watford,0,0,1,12,9,0,0,0,90.57
2018_19,2019-01-02,19,Stamford Bridge,51.48167,-0.19111,Chelsea,Southampton,0,0,0,4,17,0,1,0,99.55
2018_19,2019-01-02,19,John Smith's Stadium,53.65417,-1.76833,Huddersfield Town,Burnley,0,0,0,20,18,0,0,0,96.8
2018_19,2019-01-02,20,St James' Park,54.97556,-1.62167,Newcastle United,Manchester United,0,0,0,15,6,0,1,0,99.77
2018_19,2019-01-02,19,London Stadium,51.53861,-0.01639,West Ham United,Brighton & Hove Albion,0,0,0,11,13,0,0,0,95.79
2018_19,2019-01-02,19,Molineux Stadium,52.59028,-2.13028,Wolverhampton Wanderers,Crystal Palace,0,0,0,7,14,0,0,0,95.68
2018_19,2019-01-03,20,Etihad Stadium,53.48306,-2.20028,Manchester City,Liverpool,0,0,0,2,1,1,1,0,99.08
2018_19,2019-01-12,15,Amex Stadium,50.8618222,-0.083278,Brighton & Hove Albion,Liverpool,1,0,0,13,1,0,1,0,96.48
2018_19,2019-01-12,15,Turf Moor,53.78917,-2.23028,Burnley,Fulham,1,0,0,16,19,0,0,0,88.02
2018_19,2019-01-12,12,London Stadium,51.53861,-0.01639,West Ham United,Arsenal,1,0,0,10,5,0,1,1,95.91
2018_19,2019-01-12,15,Selhurst Park,51.39833,-0.08556,Crystal Palace,Watford,1,0,0,14,8,0,0,0,96.02
2018_19,2019-01-12,17,Stamford Bridge,51.48167,-0.19111,Chelsea,Newcastle United,1,0,0,4,15,0,1,1,99.11
2018_19,2019-01-12,15,Cardiff City Stadium,51.47278,-3.20306,Cardiff City,Huddersfield Town,1,0,0,16,20,0,0,0,92.32
2018_19,2019-01-12,15,King Power Stadium,52.62028,-1.14222,Leicester City,Southampton,1,0,0,7,18,0,0,0,97.58
2018_19,2019-01-13,16,Tottenham Hotspur Stadium,51.60472,-0.06639,Tottenham Hotspur,Manchester United,1,0,0,2,6,1,1,0,100.0
2018_19,2019-01-13,14,Goodison Park,53.43889,-2.96639,Everton,AFC Bournemouth,1,0,0,10,12,0,0,1,96.32
2018_19,2019-01-14,20,Etihad Stadium,53.48306,-2.20028,Manchester City,Wolverhampton Wanderers,0,0,0,2,9,0,1,0,98.46
2018_19,2019-01-19,12,Molineux Stadium,52.59028,-2.13028,Wolverhampton Wanderers,Leicester City,1,0,0,11,8,0,0,0,97.59
2018_19,2019-01-19,15,Vicarage Road,51.65,-0.40167,Watford,Burnley,1,0,0,7,15,0,0,0,87.88
2018_19,2019-01-19,15,St Mary's Stadium,50.90583,-1.39111,Southampton,Everton,1,0,1,16,10,0,0,1,92.6
2018_19,2019-01-19,15,Old Trafford,53.46306,-2.29139,Manchester United,Brighton & Hove Albion,1,0,0,6,13,0,1,1,99.54
2018_19,2019-01-19,15,Anfield,53.43083,-2.96083,Liverpool,Crystal Palace,1,0,0,1,14,0,1,0,87.59
2018_19,2019-01-19,17,Emirates Stadium,51.555,-0.10861,Arsenal,Chelsea,1,0,0,5,4,1,1,0,98.81
2018_19,2019-01-19,15,Vitality Stadium,50.73528,-1.83833,AFC Bournemouth,West Ham United,1,0,0,12,9,0,0,0,92.64
2018_19,2019-01-19,15,St James' Park,54.97556,-1.62167,Newcastle United,Cardiff City,1,0,0,18,17,0,0,0,95.27
2018_19,2019-01-20,13,John Smith's Stadium,53.65417,-1.76833,Huddersfield Town,Manchester City,1,0,0,20,2,0,1,0,98.73
2018_19,2019-01-20,16,Craven Cottage,51.475,-0.22167,Fulham,Tottenham Hotspur,1,0,0,19,3,0,1,0,96.53
2018_19,2019-01-29,19,Emirates Stadium,51.555,-0.10861,Arsenal,Cardiff City,0,0,0,5,18,0,1,1,98.73
2018_19,2019-01-29,19,Molineux Stadium,52.59028,-2.13028,Wolverhampton Wanderers,West Ham United,0,0,0,8,10,0,0,0,97.1
2018_19,2019-01-29,20,St James' Park,54.97556,-1.62167,Newcastle United,Manchester City,0,0,0,17,2,0,1,0,97.18
2018_19,2019-01-29,20,Old Trafford,53.46306,-2.29139,Manchester United,Burnley,0,0,0,6,16,0,1,0,99.53
2018_19,2019-01-29,19,Craven Cottage,51.475,-0.22167,Fulham,Brighton & Hove Albion,0,0,0,19,13,0,0,1,85.63
2018_19,2019-01-29,19,John Smith's Stadium,53.65417,-1.76833,Huddersfield Town,Everton,0,0,0,20,11,0,0,1,96.73
2018_19,2019-01-30,19,Vitality Stadium,50.73528,-1.83833,AFC Bournemouth,Chelsea,0,0,0,12,4,0,1,0,90.27
2018_19,2019-01-30,20,Anfield,53.43083,-2.96083,Liverpool,Leicester City,0,0,0,1,9,0,1,0,87.46
2018_19,2019-01-30,19,St Mary's Stadium,50.90583,-1.39111,Southampton,Crystal Palace,0,0,0,15,14,0,0,0,87.51
2018_19,2019-01-30,20,Tottenham Hotspur Stadium,51.60472,-0.06639,Tottenham Hotspur,Watford,0,0,0,3,7,0,1,0,46.4
2018_19,2019-02-02,15,Amex Stadium,50.8618222,-0.083278,Brighton & Hove Albion,Watford,1,0,0,13,9,0,0,0,95.64
2018_19,2019-02-02,15,Stamford Bridge,51.48167,-0.19111,Chelsea,Huddersfield Town,1,0,0,5,20,0,1,0,99.44
2018_19,2019-02-02,15,Selhurst Park,51.39833,-0.08556,Crystal Palace,Fulham,1,0,0,15,19,0,0,0,97.34
2018_19,2019-02-02,15,Goodison Park,53.43889,-2.96639,Everton,Wolverhampton Wanderers,1,0,1,8,7,0,0,0,99.52
2018_19,2019-02-02,12,Tottenham Hotspur Stadium,51.60472,-0.06639,Tottenham Hotspur,Newcastle United,1,0,0,3,14,0,1,0,65.58
2018_19,2019-02-02,17,Cardiff City Stadium,51.47278,-3.20306,Cardiff City,AFC Bournemouth,1,0,0,18,10,0,0,0,95.97
2018_19,2019-02-02,15,Turf Moor,53.78917,-2.23028,Burnley,Southampton,1,0,1,15,16,0,0,0,90.17
2018_19,2019-02-03,14,King Power Stadium,52.62028,-1.14222,Leicester City,Manchester United,1,0,0,11,6,0,1,0,99.61
2018_19,2019-02-03,16,Etihad Stadium,53.48306,-2.20028,Manchester City,Arsenal,1,0,0,2,5,1,1,0,99.03
2018_19,2019-02-04,20,London Stadium,51.53861,-0.01639,West Ham United,Liverpool,0,0,0,11,1,0,1,0,95.84
2018_19,2019-02-06,19,Goodison Park,53.43889,-2.96639,Everton,Manchester City,0,0,0,9,2,0,1,0,99.37
2018_19,2019-02-09,17,Amex Stadium,50.8618222,-0.083278,Brighton & Hove Albion,Burnley,1,0,0,13,17,0,0,0,92.21
2018_19,2019-02-09,15,Selhurst Park,51.39833,-0.08556,Crystal Palace,West Ham United,1,0,0,14,12,0,0,0,98.1
2018_19,2019-02-09,15,John Smith's Stadium,53.65417,-1.76833,Huddersfield Town,Arsenal,1,0,0,20,6,0,1,0,98.7
2018_19,2019-02-09,15,Anfield,53.43083,-2.96083,Liverpool,AFC Bournemouth,1,0,0,1,10,0,1,0,87.6
2018_19,2019-02-09,15,St Mary's Stadium,50.90583,-1.39111,Southampton,Cardiff City,1,0,0,16,18,0,0,0,97.08
2018_19,2019-02-09,15,Vicarage Road,51.65,-0.40167,Watford,Everton,1,0,1,8,9,0,0,0,91.59
2018_19,2019-02-10,13,Tottenham Hotspur Stadium,51.60472,-0.06639,Tottenham Hotspur,Leicester City,1,0,0,2,11,0,1,0,70.25
2018_19,2019-02-10,16,Etihad Stadium,53.48306,-2.20028,Manchester City,Chelsea,1,0,0,1,4,1,1,0,98.97
2018_19,2019-02-11,20,Molineux Stadium,52.59028,-2.13028,Wolverhampton Wanderers,Newcastle United,0,0,0,7,15,0,0,0,95.75
2018_19,2019-02-22,19,Cardiff City Stadium,51.47278,-3.20306,Cardiff City,Watford,0,0,0,16,8,0,0,0,91.31
2018_19,2019-02-22,19,London Stadium,51.53861,-0.01639,West Ham United,Fulham,0,0,0,10,19,0,0,0,95.92
2018_19,2019-02-23,15,St James' Park,54.97556,-1.62167,Newcastle United,Huddersfield Town,1,0,0,16,20,0,0,0,99.69
2018_19,2019-02-23,17,King Power Stadium,52.62028,-1.14222,Leicester City,Crystal Palace,1,0,0,12,13,0,0,0,98.47
2018_19,2019-02-23,12,Turf Moor,53.78917,-2.23028,Burnley,Tottenham Hotspur,1,0,0,15,3,0,1,0,97.24
2018_19,2019-02-23,15,Vitality Stadium,50.73528,-1.83833,AFC Bournemouth,Wolverhampton Wanderers,1,0,0,11,7,0,0,0,94.19
2018_19,2019-02-24,14,Emirates Stadium,51.555,-0.10861,Arsenal,Southampton,1,0,0,6,18,0,1,0,98.64
2018_19,2019-02-24,14,Old Trafford,53.46306,-2.29139,Manchester United,Liverpool,1,0,0,4,1,1,1,0,99.52
2018_19,2019-02-26,20,St James' Park,54.97556,-1.62167,Newcastle United,Burnley,0,0,0,15,14,0,0,0,92.33
2018_19,2019-02-26,19,King Power Stadium,52.62028,-1.14222,Leicester City,Brighton & Hove Albion,0,0,0,12,14,0,0,0,94.69
2018_19,2019-02-26,19,John Smith's Stadium,53.65417,-1.76833,Huddersfield Town,Wolverhampton Wanderers,0,0,0,20,8,0,0,0,92.71
2018_19,2019-02-26,19,Cardiff City Stadium,51.47278,-3.20306,Cardiff City,Everton,0,0,0,17,9,0,0,0,95.7
2018_19,2019-02-27,20,Etihad Stadium,53.48306,-2.20028,Manchester City,West Ham United,0,0,0,1,9,0,1,0,97.29
2018_19,2019-02-27,19,Emirates Stadium,51.555,-0.10861,Arsenal,AFC Bournemouth,0,0,0,4,10,0,1,0,98.21
2018_19,2019-02-27,20,Stamford Bridge,51.48167,-0.19111,Chelsea,Tottenham Hotspur,0,0,0,6,3,1,1,0,99.24
2018_19,2019-02-27,20,Anfield,53.43083,-2.96083,Liverpool,Watford,0,0,0,1,7,0,1,0,87.83
2018_19,2019-02-27,19,St Mary's Stadium,50.90583,-1.39111,Southampton,Fulham,0,0,0,18,19,0,0,0,85.22
2018_19,2019-02-27,20,Selhurst Park,51.39833,-0.08556,Crystal Palace,Manchester United,0,0,0,13,5,0,1,0,98.88
2018_19,2019-03-02,15,Old Trafford,53.46306,-2.29139,Manchester United,Southampton,1,0,0,5,17,0,1,0,99.44
2018_19,2019-03-02,15,Turf Moor,53.78917,-2.23028,Burnley,Crystal Palace,1,0,1,15,14,0,0,0,87.6
2018_19,2019-03-02,15,Vitality Stadium,50.73528,-1.83833,AFC Bournemouth,Manchester City,1,0,0,12,2,0,1,0,94.44
2018_19,2019-03-02,15,Amex Stadium,50.8618222,-0.083278,Brighton & Hove Albion,Huddersfield Town,1,0,0,16,20,0,0,0,94.91
2018_19,2019-03-02,12,Tottenham Hotspur Stadium,51.60472,-0.06639,Tottenham Hotspur,Arsenal,1,0,0,3,4,1,1,0,100.0
2018_19,2019-03-02,17,London Stadium,51.53861,-0.01639,West Ham United,Newcastle United,1,0,0,10,13,0,0,1,95.86
2018_19,2019-03-02,15,Molineux Stadium,52.59028,-2.13028,Wolverhampton Wanderers,Cardiff City,1,0,0,8,17,0,0,0,97.69
2018_19,2019-03-03,16,Goodison Park,53.43889,-2.96639,Everton,Liverpool,1,0,0,9,1,0,1,1,99.4
2018_19,2019-03-03,14,Craven Cottage,51.475,-0.22167,Fulham,Chelsea,1,0,0,19,6,0,1,1,96.89
2018_19,2019-03-03,12,Vicarage Road,51.65,-0.40167,Watford,Leicester City,1,0,1,8,11,0,0,1,90.37
2018_19,2019-03-09,15,St Mary's Stadium,50.90583,-1.39111,Southampton,Tottenham Hotspur,1,0,0,17,3,0,1,0,98.47
2018_19,2019-03-09,15,St James' Park,54.97556,-1.62167,Newcastle United,Everton,1,0,1,14,10,0,0,0,99.82
2018_19,2019-03-09,15,King Power Stadium,52.62028,-1.14222,Leicester City,Fulham,1,0,0,11,19,0,0,0,99.21
2018_19,2019-03-09,17,Etihad Stadium,53.48306,-2.20028,Manchester City,Watford,1,0,0,1,8,0,1,0,98.34
2018_19,2019-03-09,12,Selhurst Park,51.39833,-0.08556,Crystal Palace,Brighton & Hove Albion,1,0,0,13,15,0,0,1,95.87
2018_19,2019-03-09,15,Cardiff City Stadium,51.47278,-3.20306,Cardiff City,West Ham United,1,0,0,18,9,0,0,0,97.53
2018_19,2019-03-09,15,John Smith's Stadium,53.65417,-1.76833,Huddersfield Town,AFC Bournemouth,1,0,0,20,12,0,0,0,91.04
2018_19,2019-03-10,16,Emirates Stadium,51.555,-0.10861,Arsenal,Manchester United,1,0,0,5,4,1,1,0,98.84
2018_19,2019-03-10,14,Stamford Bridge,51.48167,-0.19111,Chelsea,Wolverhampton Wanderers,1,0,0,6,7,0,1,1,99.61
2018_19,2019-03-10,12,Anfield,53.43083,-2.96083,Liverpool,Burnley,1,0,0,2,16,0,1,0,87.82
2018_19,2019-03-16,15,London Stadium,51.53861,-0.01639,West Ham United,Huddersfield Town,1,0,0,9,20,0,0,1,95.89
2018_19,2019-03-16,15,Turf Moor,53.78917,-2.23028,Burnley,Leicester City,1,0,0,17,10,0,0,0,94.42
2018_19,2019-03-16,15,Vitality Stadium,50.73528,-1.83833,AFC Bournemouth,Newcastle United,1,0,0,12,13,0,0,1,93.79
2018_19,2019-03-17,16,Goodison Park,53.43889,-2.96639,Everton,Chelsea,1,0,0,11,6,0,1,0,99.46
2018_19,2019-03-17,14,Craven Cottage,51.475,-0.22167,Fulham,Liverpool,1,0,0,19,2,0,1,0,97.44
2018_19,2019-03-30,15,Old Trafford,53.46306,-2.29139,Manchester United,Watford,1,0,0,5,8,0,1,0,99.55
2018_19,2019-03-30,12,Craven Cottage,51.475,-0.22167,Fulham,Manchester City,1,0,0,19,1,0,1,1,97.28
2018_19,2019-03-30,15,Amex Stadium,50.8618222,-0.083278,Brighton & Hove Albion,Southampton,1,0,0,15,16,0,0,0,96.34
2018_19,2019-03-30,15,Turf Moor,53.78917,-2.23028,Burnley,Wolverhampton Wanderers,1,0,1,17,7,0,0,0,95.65
2018_19,2019-03-30,15,Selhurst Park,51.39833,-0.08556,Crystal Palace,Huddersfield Town,1,0,0,14,20,0,0,0,96.72
2018_19,2019-03-30,15,King Power Stadium,52.62028,-1.14222,Leicester City,AFC Bournemouth,1,0,0,10,11,0,0,0,97.7
2018_19,2019-03-30,17,London Stadium,51.53861,-0.01639,West Ham United,Everton,1,0,1,9,11,0,0,0,95.98
2018_19,2019-03-31,14,Cardiff City Stadium,51.47278,-3.20306,Cardiff City,Chelsea,1,0,0,18,6,0,1,0,98.13
2018_19,2019-03-31,16,Anfield,53.43083,-2.96083,Liverpool,Tottenham Hotspur,1,0,0,1,3,1,1,0,87.84
2022_23,2022-11-05,17,Goodison Park,53.43889,-2.96639,Everton,Leicester City,1,0,1,12,18,0,0,0,99.08
2022_23,2022-11-05,15,Elland Road,53.77778,-1.57222,Leeds United,AFC Bournemouth,1,0,0,15,14,0,0,0,96.55
2022_23,2022-11-05,15,Etihad Stadium,53.48306,-2.20028,Manchester City,Fulham,1,0,0,1,7,0,1,1,95.23
2022_23,2022-11-05,15,The City Ground,52.94,-1.13278,Nottingham Forest,Brentford,1,0,1,20,11,0,0,0,94.82
2022_23,2022-11-05,15,Molineux Stadium,52.59028,-2.13028,Wolverhampton Wanderers,Brighton & Hove Albion,1,0,0,19,8,0,0,0,95.89
2022_23,2022-11-06,16,Tottenham Hotspur Stadium,51.60472,-0.06639,Tottenham Hotspur,Liverpool,1,0,0,3,9,1,1,0,98.66
2022_23,2022-11-06,14,London Stadium,51.53861,-0.01639,West Ham United,Crystal Palace,1,0,0,0,10,0,0,1,99.92
2022_23,2022-11-06,14,Villa Park,52.50917,-1.88472,Aston Villa,Manchester United,1,0,0,16,5,0,1,1,98.54
2022_23,2022-11-06,12,Stamford Bridge,51.48167,-0.19111,Chelsea,Arsenal,1,0,1,5,1,1,1,1,98.26
2022_23,2022-11-06,14,St Mary's Stadium,50.90583,-1.39111,Southampton,Newcastle United,1,0,0,17,4,0,0,1,93.88
2022_23,2022-11-12,15,Vitality Stadium,50.73528,-1.83833,AFC Bournemouth,Everton,1,0,1,16,15,0,0,0,91.64
2022_23,2022-11-12,15,Anfield,53.43083,-2.96083,Liverpool,Southampton,1,0,0,8,18,0,1,0,87.85
2022_23,2022-11-12,12,Etihad Stadium,53.48306,-2.20028,Manchester City,Brentford,1,0,0,1,10,0,1,0,95.94
2022_23,2022-11-12,17,St James' Park,54.97556,-1.62167,Newcastle United,Chelsea,1,0,0,3,7,0,1,0,99.86
2022_23,2022-11-12,15,The City Ground,52.94,-1.13278,Nottingham Forest,Crystal Palace,1,0,0,20,10,0,0,0,95.4
2022_23,2022-11-12,15,London Stadium,51.53861,-0.01639,West Ham United,Leicester City,1,0,0,0,13,0,0,0,99.93
2022_23,2022-11-12,19,Molineux Stadium,52.59028,-2.13028,Wolverhampton Wanderers,Arsenal,1,0,0,19,1,0,1,0,98.36
2022_23,2022-11-12,15,Tottenham Hotspur Stadium,51.60472,-0.06639,Tottenham Hotspur,Leeds United,1,0,0,4,12,0,1,0,98.12
2022_23,2022-11-13,14,Amex Stadium,50.8618222,-0.083278,Brighton & Hove Albion,Aston Villa,1,0,0,6,13,0,0,0,99.31
2022_23,2022-11-13,16,Craven Cottage,51.475,-0.22167,Fulham,Manchester United,1,0,0,8,5,0,1,0,94.34
2022_23,2022-12-26,15,King Power Stadium,52.62028,-1.14222,Leicester City,Newcastle United,0,1,0,12,3,0,0,0,99.73
2022_23,2022-12-26,15,Goodison Park,53.43889,-2.96639,Everton,Wolverhampton Wanderers,0,1,0,17,20,0,0,0,99.19
2022_23,2022-12-26,15,Selhurst Park,51.39833,-0.08556,Crystal Palace,Fulham,0,1,0,11,9,0,0,0,96.66
2022_23,2022-12-26,15,St Mary's Stadium,50.90583,-1.39111,Southampton,Brighton & Hove Albion,0,1,0,19,7,0,0,0,95.76
2022_23,2022-12-26,17,Villa Park,52.50917,-1.88472,Aston Villa,Liverpool,0,1,0,12,6,0,1,0,98.6
2022_23,2022-12-26,20,Emirates Stadium,51.555,-0.10861,Arsenal,West Ham United,0,1,0,1,0,0,1,0,99.05
2022_23,2022-12-26,12,Gtech Community Stadium,51.490825,-0.2887,Brentford,Tottenham Hotspur,0,1,0,10,4,0,1,0,99.34
2022_23,2022-12-27,17,Stamford Bridge,51.48167,-0.19111,Chelsea,AFC Bournemouth,0,1,0,8,13,0,1,1,98.02
2022_23,2022-12-27,20,Old Trafford,53.46306,-2.29139,Manchester United,Nottingham Forest,0,1,0,5,18,0,1,1,98.3
2022_23,2022-12-28,20,Elland Road,53.77778,-1.57222,Leeds United,Manchester City,0,0,0,14,2,0,1,0,98.11
2022_23,2022-12-30,20,Anfield,53.43083,-2.96083,Liverpool,Leicester City,0,0,0,6,13,0,1,0,87.87
2022_23,2022-12-30,19,London Stadium,51.53861,-0.01639,West Ham United,Brentford,0,0,0,0,10,0,0,0,99.95
2022_23,2022-12-31,15,Craven Cottage,51.475,-0.22167,Fulham,Southampton,1,0,0,8,20,0,0,1,94.72
2022_23,2022-12-31,15,Etihad Stadium,53.48306,-2.20028,Manchester City,Everton,1,0,0,2,17,0,1,1,97.14
2022_23,2022-12-31,15,St James' Park,54.97556,-1.62167,Newcastle United,Leeds United,1,0,0,2,15,0,0,1,99.76
2022_23,2022-12-31,12,Molineux Stadium,52.59028,-2.13028,Wolverhampton Wanderers,Manchester United,1,0,0,18,5,0,1,1,98.78
2022_23,2022-12-31,15,Vitality Stadium,50.73528,-1.83833,AFC Bournemouth,Crystal Palace,1,0,1,14,11,0,0,1,88.02
2022_23,2022-12-31,17,Amex Stadium,50.8618222,-0.083278,Brighton & Hove Albion,Arsenal,1,0,0,7,1,0,1,1,99.52
2022_23,2023-01-01,16,The City Ground,52.94,-1.13278,Nottingham Forest,Chelsea,1,1,0,19,8,0,1,0,96.01
2022_23,2023-01-01,14,Tottenham Hotspur Stadium,51.60472,-0.06639,Tottenham Hotspur,Aston Villa,1,1,0,4,12,0,1,0,98.09
2022_23,2023-01-02,17,Gtech Community Stadium,51.490825,-0.2887,Brentford,Liverpool,0,1,0,9,6,0,1,0,99.5
2022_23,2023-01-03,19,Emirates Stadium,51.555,-0.10861,Arsenal,Newcastle United,0,0,0,1,3,0,1,1,99.37
2022_23,2023-01-03,19,King Power Stadium,52.62028,-1.14222,Leicester City,Fulham,0,0,0,13,7,0,0,1,95.48
2022_23,2023-01-03,20,Old Trafford,53.46306,-2.29139,Manchester United,AFC Bournemouth,0,0,0,4,15,0,1,1,97.92
2022_23,2023-01-04,20,Villa Park,52.50917,-1.88472,Aston Villa,Wolverhampton Wanderers,0,0,0,12,18,0,0,0,93.66
2022_23,2023-01-04,20,Selhurst Park,51.39833,-0.08556,Crystal Palace,Tottenham Hotspur,0,0,0,11,5,0,1,0,96.49
2022_23,2023-01-04,19,Elland Road,53.77778,-1.57222,Leeds United,West Ham United,0,0,1,14,0,0,0,0,96.2
2022_23,2023-01-04,19,St Mary's Stadium,50.90583,-1.39111,Southampton,Nottingham Forest,0,0,0,20,18,0,0,0,93.1
2022_23,2023-01-05,20,Stamford Bridge,51.48167,-0.19111,Chelsea,Manchester City,0,0,0,8,2,1,1,0,97.91
2022_23,2023-01-12,20,Craven Cottage,51.475,-0.22167,Fulham,Chelsea,0,0,0,7,10,0,1,0,95.18
2022_23,2023-01-13,20,Villa Park,52.50917,-1.88472,Aston Villa,Leeds United,0,0,0,11,14,0,0,0,98.42
2022_23,2023-01-14,15,Molineux Stadium,52.59028,-2.13028,Wolverhampton Wanderers,West Ham United,1,0,0,19,0,0,0,0,98.32
2022_23,2023-01-14,15,The City Ground,52.94,-1.13278,Nottingham Forest,Leicester City,1,0,1,15,13,0,0,0,96.24
2022_23,2023-01-14,12,Old Trafford,53.46306,-2.29139,Manchester United,Manchester City,1,0,0,4,2,1,1,1,100.0
2022_23,2023-01-14,15,Goodison Park,53.43889,-2.96639,Everton,Southampton,1,0,0,16,20,0,0,0,99.33
2022_23,2023-01-14,15,Amex Stadium,50.8618222,-0.083278,Brighton & Hove Albion,Liverpool,1,0,1,8,6,0,1,1,99.51
2022_23,2023-01-14,17,Gtech Community Stadium,51.490825,-0.2887,Brentford,AFC Bournemouth,1,0,0,7,15,0,0,0,98.73
2022_23,2023-01-15,14,Stamford Bridge,51.48167,-0.19111,Chelsea,Crystal Palace,1,0,0,10,12,0,1,0,98.1
2022_23,2023-01-15,14,St James' Park,54.97556,-1.62167,Newcastle United,Fulham,1,0,0,3,6,0,0,0,99.83
2022_23,2023-01-15,16,Tottenham Hotspur Stadium,51.60472,-0.06639,Tottenham Hotspur,Arsenal,1,0,0,5,1,1,1,0,98.44
2022_23,2023-01-18,20,Selhurst Park,51.39833,-0.08556,Crystal Palace,Manchester United,0,0,0,12,3,0,1,0,96.91
2022_23,2023-01-19,20,Etihad Stadium,53.48306,-2.20028,Manchester City,Tottenham Hotspur,0,0,0,2,5,1,1,0,96.49
2022_23,2023-01-21,15,St Mary's Stadium,50.90583,-1.39111,Southampton,Aston Villa,1,0,1,20,11,0,0,0,93.13
2022_23,2023-01-21,15,London Stadium,51.53861,-0.01639,West Ham United,Everton,1,0,0,0,19,0,0,0,99.95
2022_23,2023-01-21,12,Anfield,53.43083,-2.96083,Liverpool,Chelsea,1,0,0,9,10,1,1,0,87.52
2022_23,2023-01-21,17,Selhurst Park,51.39833,-0.08556,Crystal Palace,Newcastle United,1,0,0,12,3,0,0,0,97.32
2022_23,2023-01-21,15,Vitality Stadium,50.73528,-1.83833,AFC Bournemouth,Nottingham Forest,1,0,1,17,13,0,0,0,90.46
2022_23,2023-01-21,15,King Power Stadium,52.62028,-1.14222,Leicester City,Brighton & Hove Albion,1,0,0,15,7,0,0,0,99.33
2022_23,2023-01-22,14,Etihad Stadium,53.48306,-2.20028,Manchester City,Wolverhampton Wanderers,1,0,0,2,16,0,1,0,96.85
2022_23,2023-01-22,16,Emirates Stadium,51.555,-0.10861,Arsenal,Manchester United,1,0,0,1,3,1,1,0,99.38
2022_23,2023-01-22,14,Elland Road,53.77778,-1.57222,Leeds United,Brentford,1,0,0,14,8,0,0,0,96.44
2022_23,2023-01-23,20,Craven Cottage,51.475,-0.22167,Fulham,Tottenham Hotspur,0,0,0,6,5,0,1,0,94.12
2022_23,2023-02-03,20,Stamford Bridge,51.48167,-0.19111,Chelsea,Fulham,0,0,0,10,7,0,1,0,98.01
2022_23,2023-02-04,15,Villa Park,52.50917,-1.88472,Aston Villa,Leicester City,1,0,0,11,14,0,0,0,98.53
2022_23,2023-02-04,15,Gtech Community Stadium,51.490825,-0.2887,Brentford,Southampton,1,0,0,8,20,0,0,1,98.85
2022_23,2023-02-04,15,Amex Stadium,50.8618222,-0.083278,Brighton & Hove Albion,AFC Bournemouth,1,0,0,6,18,0,0,0,99.37
2022_23,2023-02-04,12,Goodison Park,53.43889,-2.96639,Everton,Arsenal,1,0,0,19,1,0,1,1,99.35
2022_23,2023-02-04,15,Old Trafford,53.46306,-2.29139,Manchester United,Crystal Palace,1,0,0,4,12,0,1,0,98.05
2022_23,2023-02-04,17,St James' Park,54.97556,-1.62167,Newcastle United,West Ham United,1,0,0,3,0,0,0,0,99.84
2022_23,2023-02-04,15,Molineux Stadium,52.59028,-2.13028,Wolverhampton Wanderers,Liverpool,1,0,0,17,8,0,1,0,98.8
2022_23,2023-02-05,14,The City Ground,52.94,-1.13278,Nottingham Forest,Leeds United,1,0,1,13,15,0,0,0,96.45
2022_23,2023-02-05,16,Tottenham Hotspur Stadium,51.60472,-0.06639,Tottenham Hotspur,Manchester City,1,0,0,5,2,1,1,0,98.25
2022_23,2023-02-08,20,Old Trafford,53.46306,-2.29139,Manchester United,Leeds United,0,0,0,3,17,0,1,0,98.1
2022_23,2023-02-11,12,London Stadium,51.53861,-0.01639,West Ham United,Chelsea,1,0,0,0,9,0,1,1,99.95
2022_23,2023-02-11,15,St Mary's Stadium,50.90583,-1.39111,Southampton,Wolverhampton Wanderers,1,0,0,20,15,0,0,0,91.87
2022_23,2023-02-11,15,King Power Stadium,52.62028,-1.14222,Leicester City,Tottenham Hotspur,1,0,0,13,5,0,1,0,99.72
2022_23,2023-02-11,15,Craven Cottage,51.475,-0.22167,Fulham,Nottingham Forest,1,0,0,6,13,0,0,0,94.33
2022_23,2023-02-11,17,Vitality Stadium,50.73528,-1.83833,AFC Bournemouth,Newcastle United,1,0,0,19,4,0,0,0,91.97
2022_23,2023-02-11,15,Emirates Stadium,51.555,-0.10861,Arsenal,Brentford,1,0,0,1,7,0,1,0,99.26
2022_23,2023-02-11,15,Selhurst Park,51.39833,-0.08556,Crystal Palace,Brighton & Hove Albion,1,0,0,12,6,0,0,0,95.32
2022_23,2023-02-12,14,Elland Road,53.77778,-1.57222,Leeds United,Manchester United,1,0,0,16,3,0,1,0,98.19
2022_23,2023-02-12,16,Etihad Stadium,53.48306,-2.20028,Manchester City,Aston Villa,1,0,0,2,11,0,1,0,97.05
2022_23,2023-02-13,20,Anfield,53.43083,-2.96083,Liverpool,Everton,0,0,0,10,18,0,1,0,87.35
2022_23,2023-02-15,19,Emirates Stadium,51.555,-0.10861,Arsenal,Manchester City,0,0,0,1,2,1,1,0,99.29
2022_23,2023-02-18,15,Goodison Park,53.43889,-2.96639,Everton,Leeds United,1,0,1,18,17,0,0,0,99.14
2022_23,2023-02-18,15,The City Ground,52.94,-1.13278,Nottingham Forest,Manchester City,1,0,0,14,1,0,1,1,96.45
2022_23,2023-02-18,15,Molineux Stadium,52.59028,-2.13028,Wolverhampton Wanderers,AFC Bournemouth,1,0,0,15,19,0,0,1,97.42
2022_23,2023-02-18,17,St James' Park,54.97556,-1.62167,Newcastle United,Liverpool,1,0,1,4,9,0,1,1,99.87
2022_23,2023-02-18,15,Stamford Bridge,51.48167,-0.19111,Chelsea,Southampton,1,0,0,9,20,0,1,1,98.28
2022_23,2023-02-18,15,Amex Stadium,50.8618222,-0.083278,Brighton & Hove Albion,Fulham,1,0,0,6,7,0,0,0,99.43
2022_23,2023-02-18,15,Gtech Community Stadium,51.490825,-0.2887,Brentford,Crystal Palace,1,0,0,8,12,0,0,0,99.26
2022_23,2023-02-18,12,Villa Park,52.50917,-1.88472,Aston Villa,Arsenal,1,0,0,11,2,0,1,0,98.56
2022_23,2023-02-19,14,Old Trafford,53.46306,-2.29139,Manchester United,Leicester City,1,0,0,3,13,0,1,0,98.26
2022_23,2023-02-19,16,Tottenham Hotspur Stadium,51.60472,-0.06639,Tottenham Hotspur,West Ham United,1,0,0,5,0,0,1,0,97.81
2022_23,2023-02-24,20,Craven Cottage,51.475,-0.22167,Fulham,Wolverhampton Wanderers,0,0,1,6,15,0,0,0,94.94
2022_23,2023-02-25,15,Goodison Park,53.43889,-2.96639,Everton,Aston Villa,1,0,0,16,11,0,0,0,99.34
2022_23,2023-02-25,15,London Stadium,51.53861,-0.01639,West Ham United,Nottingham Forest,1,0,0,0,13,0,0,0,99.95
2022_23,2023-02-25,17,Vitality Stadium,50.73528,-1.83833,AFC Bournemouth,Manchester City,1,0,0,17,2,0,1,0,92.51
2022_23,2023-02-25,15,King Power Stadium,52.62028,-1.14222,Leicester City,Arsenal,1,0,0,14,1,0,1,0,99.86
2022_23,2023-02-25,19,Selhurst Park,51.39833,-0.08556,Crystal Palace,Liverpool,1,0,0,12,8,0,1,0,99.21
2022_23,2023-02-25,15,Elland Road,53.77778,-1.57222,Leeds United,Southampton,1,0,0,19,20,0,0,0,97.45
2022_23,2023-02-26,13,Tottenham Hotspur Stadium,51.60472,-0.06639,Tottenham Hotspur,Chelsea,1,0,0,4,10,1,1,0,98.03
2022_23,2023-03-01,19,Emirates Stadium,51.555,-0.10861,Arsenal,Everton,0,0,0,1,18,0,1,0,99.19
2022_23,2023-03-01,20,Anfield,53.43083,-2.96083,Liverpool,Wolverhampton Wanderers,0,0,0,7,15,0,1,0,87.73
2022_23,2023-03-04,15,Emirates Stadium,51.555,-0.10861,Arsenal,AFC Bournemouth,1,0,0,1,19,0,1,0,99.21
2022_23,2023-03-04,15,Villa Park,52.50917,-1.88472,Aston Villa,Crystal Palace,1,0,0,11,12,0,0,0,98.15
2022_23,2023-03-04,15,Amex Stadium,50.8618222,-0.083278,Brighton & Hove Albion,West Ham United,1,0,0,7,0,0,0,0,99.13
2022_23,2023-03-04,15,Stamford Bridge,51.48167,-0.19111,Chelsea,Leeds United,1,0,0,10,17,0,1,0,97.68
2022_23,2023-03-04,12,Etihad Stadium,53.48306,-2.20028,Manchester City,Newcastle United,1,0,0,2,4,0,1,0,97.1
2022_23,2023-03-04,17,St Mary's Stadium,50.90583,-1.39111,Southampton,Leicester City,1,0,1,20,14,0,0,0,93.07
2022_23,2023-03-04,15,Molineux Stadium,52.59028,-2.13028,Wolverhampton Wanderers,Tottenham Hotspur,1,0,0,15,4,0,1,0,98.55
2022_23,2023-03-05,16,Anfield,53.43083,-2.96083,Liverpool,Manchester United,1,0,0,6,3,1,1,0,87.31
2022_23,2023-03-05,14,The City Ground,52.94,-1.13278,Nottingham Forest,Everton,1,0,1,13,18,0,0,0,96.41
2022_23,2023-03-06,20,Gtech Community Stadium,51.490825,-0.2887,Brentford,Fulham,0,0,0,9,6,0,0,1,98.7
2022_23,2023-03-11,15,Goodison Park,53.43889,-2.96639,Everton,Brentford,1,0,1,18,9,0,0,1,98.65
2022_23,2023-03-11,15,King Power Stadium,52.62028,-1.14222,Leicester City,Chelsea,1,0,0,15,10,0,1,0,99.68
2022_23,2023-03-11,12,Vitality Stadium,50.73528,-1.83833,AFC Bournemouth,Liverpool,1,0,0,20,5,0,1,0,93.0
2022_23,2023-03-11,17,Selhurst Park,51.39833,-0.08556,Crystal Palace,Manchester City,1,0,0,12,2,0,1,0,99.22
2022_23,2023-03-11,15,Tottenham Hotspur Stadium,51.60472,-0.06639,Tottenham Hotspur,Nottingham Forest,1,0,0,4,14,0,1,1,97.79
2022_23,2023-03-11,15,Elland Road,53.77778,-1.57222,Leeds United,Brighton & Hove Albion,1,0,0,17,8,0,0,0,97.0
2022_23,2023-03-12,14,Craven Cottage,51.475,-0.22167,Fulham,Arsenal,1,0,0,7,1,0,1,0,95.04
2022_23,2023-03-12,14,Old Trafford,53.46306,-2.29139,Manchester United,Southampton,1,0,0,3,19,0,1,0,98.08
2022_23,2023-03-12,16,St James' Park,54.97556,-1.62167,Newcastle United,Wolverhampton Wanderers,1,0,0,5,13,0,0,1,99.81
2022_23,2023-03-12,14,London Stadium,51.53861,-0.01639,West Ham United,Aston Villa,1,0,0,0,11,0,0,0,99.96
2022_23,2023-03-15,19,St Mary's Stadium,50.90583,-1.39111,Southampton,Brentford,0,0,0,20,9,0,0,1,93.99
2022_23,2023-03-15,19,Amex Stadium,50.8618222,-0.083278,Brighton & Hove Albion,Crystal Palace,0,0,0,7,12,0,0,1,97.27
2022_23,2023-03-17,20,The City Ground,52.94,-1.13278,Nottingham Forest,Newcastle United,0,0,0,14,5,0,0,0,96.44
2022_23,2023-03-18,15,Villa Park,52.50917,-1.88472,Aston Villa,AFC Bournemouth,1,0,0,11,17,0,0,1,96.11
2022_23,2023-03-18,15,Gtech Community Stadium,51.490825,-0.2887,Brentford,Leicester City,1,0,0,8,16,0,0,1,98.59
2022_23,2023-03-18,17,Stamford Bridge,51.48167,-0.19111,Chelsea,Everton,1,0,0,10,15,0,1,1,97.97
2022_23,2023-03-18,15,St Mary's Stadium,50.90583,-1.39111,Southampton,Tottenham Hotspur,1,0,0,20,4,0,1,1,93.12
2022_23,2023-03-18,15,Molineux Stadium,52.59028,-2.13028,Wolverhampton Wanderers,Leeds United,1,0,0,13,19,0,0,0,98.5
2022_23,2023-03-19,14,Emirates Stadium,51.555,-0.10861,Arsenal,Crystal Palace,1,0,0,1,12,0,1,1,99.25
2023_24,2023-11-04,15,Bramall Lane,53.37028,-1.47083,Sheffield United,Wolverhampton Wanderers,1,0,0,20,12,0,0,1,90.07
2023_24,2023-11-04,15,Gtech Community Stadium,51.490825,-0.2887,Brentford,West Ham United,1,0,0,10,9,0,0,0,99.15
2023_24,2023-11-04,15,Turf Moor,53.78917,-2.23028,Burnley,Crystal Palace,1,0,0,19,11,0,0,0,98.33
2023_24,2023-11-04,15,Goodison Park,53.43889,-2.96639,Everton,Brighton & Hove Albion,1,0,1,15,7,0,0,1,97.76
2023_24,2023-11-04,15,Etihad Stadium,53.48306,-2.20028,Manchester City,AFC Bournemouth,1,0,0,3,17,0,1,0,96.98
2023_24,2023-11-04,12,Craven Cottage,51.475,-0.22167,Fulham,Manchester United,1,0,0,14,8,0,1,1,95.0
2023_24,2023-11-04,17,St James' Park,54.97556,-1.62167,Newcastle United,Arsenal,1,0,1,6,2,0,1,1,99.72
2023_24,2023-11-05,14,The City Ground,52.94,-1.13278,Nottingham Forest,Aston Villa,1,0,0,16,5,0,0,1,96.28
2023_24,2023-11-05,16,Kenilworth Road,51.88417,-0.43167,Luton Town,Liverpool,1,0,0,18,4,0,1,0,93.64
2023_24,2023-11-06,20,Tottenham Hotspur Stadium,51.60472,-0.06639,Tottenham Hotspur,Chelsea,0,0,0,1,11,1,1,0,98.21
2023_24,2023-11-11,17,Vitality Stadium,50.73528,-1.83833,AFC Bournemouth,Newcastle United,1,0,0,17,6,0,0,0,98.87
2023_24,2023-11-11,15,Selhurst Park,51.39833,-0.08556,Crystal Palace,Everton,1,0,1,10,15,0,0,0,96.38
2023_24,2023-11-11,15,Old Trafford,53.46306,-2.29139,Manchester United,Luton Town,1,0,0,8,17,0,1,0,98.29
2023_24,2023-11-11,12,Molineux Stadium,52.59028,-2.13028,Wolverhampton Wanderers,Tottenham Hotspur,1,0,0,13,2,0,1,0,98.73
2023_24,2023-11-11,15,Emirates Stadium,51.555,-0.10861,Arsenal,Burnley,1,0,0,3,19,0,1,0,99.22
2023_24,2023-11-12,14,Villa Park,52.50917,-1.88472,Aston Villa,Fulham,1,0,0,5,14,0,0,1,97.48
2023_24,2023-11-12,14,Amex Stadium,50.8618222,-0.083278,Brighton & Hove Albion,Sheffield United,1,0,0,7,20,0,0,0,98.64
2023_24,2023-11-12,16,Stamford Bridge,51.48167,-0.19111,Chelsea,Manchester City,1,0,0,10,1,1,1,0,96.77
2023_24,2023-11-12,14,Anfield,53.43083,-2.96083,Liverpool,Brentford,1,0,0,3,9,0,1,0,82.61
2023_24,2023-11-12,14,London Stadium,51.53861,-0.01639,West Ham United,Nottingham Forest,1,0,0,11,12,0,0,0,99.95
2023_24,2023-11-25,17,Gtech Community Stadium,51.490825,-0.2887,Brentford,Arsenal,1,0,0,11,2,0,1,0,99.72
2023_24,2023-11-25,12,Etihad Stadium,53.48306,-2.20028,Manchester City,Liverpool,1,0,0,1,2,1,1,0,96.86
2023_24,2023-11-25,15,St James' Park,54.97556,-1.62167,Newcastle United,Chelsea,1,0,1,7,10,0,1,0,99.79
2023_24,2023-11-25,15,The City Ground,52.94,-1.13278,Nottingham Forest,Brighton & Hove Albion,1,0,0,15,8,0,0,0,96.58
2023_24,2023-11-25,15,Bramall Lane,53.37028,-1.47083,Sheffield United,AFC Bournemouth,1,0,0,19,17,0,0,0,92.37
2023_24,2023-11-25,15,Turf Moor,53.78917,-2.23028,Burnley,West Ham United,1,0,0,19,9,0,0,0,97.15
2023_24,2023-11-25,15,Kenilworth Road,51.88417,-0.43167,Luton Town,Crystal Palace,1,0,0,18,12,0,0,0,93.47
2023_24,2023-11-26,16,Goodison Park,53.43889,-2.96639,Everton,Manchester United,1,0,1,14,6,0,1,0,99.21
2023_24,2023-11-26,14,Tottenham Hotspur Stadium,51.60472,-0.06639,Tottenham Hotspur,Aston Villa,1,0,1,3,5,0,1,0,98.14
2023_24,2023-11-27,20,Craven Cottage,51.475,-0.22167,Fulham,Wolverhampton Wanderers,0,0,0,16,11,0,0,0,94.81
2023_24,2023-12-02,17,The City Ground,52.94,-1.13278,Nottingham Forest,Everton,1,0,1,15,14,0,0,1,96.58
2023_24,2023-12-02,20,St James' Park,54.97556,-1.62167,Newcastle United,Manchester United,1,0,0,6,6,0,1,1,99.76
2023_24,2023-12-02,15,Emirates Stadium,51.555,-0.10861,Arsenal,Wolverhampton Wanderers,1,0,0,1,12,0,1,0,99.27
2023_24,2023-12-02,15,Gtech Community Stadium,51.490825,-0.2887,Brentford,Luton Town,1,0,0,11,18,0,0,0,98.99
2023_24,2023-12-02,15,Turf Moor,53.78917,-2.23028,Burnley,Sheffield United,1,0,0,20,19,0,0,0,97.92
2023_24,2023-12-03,14,Vitality Stadium,50.73528,-1.83833,AFC Bournemouth,Aston Villa,1,0,0,17,4,0,0,1,98.78
2023_24,2023-12-03,14,Stamford Bridge,51.48167,-0.19111,Chelsea,Brighton & Hove Albion,1,0,0,10,7,0,1,1,97.05
2023_24,2023-12-03,14,Anfield,53.43083,-2.96083,Liverpool,Fulham,1,0,0,3,14,0,1,1,82.6
2023_24,2023-12-03,16,Etihad Stadium,53.48306,-2.20028,Manchester City,Tottenham Hotspur,1,0,0,2,5,1,1,0,97.19
2023_24,2023-12-03,14,London Stadium,51.53861,-0.01639,West Ham United,Crystal Palace,1,0,0,9,13,0,0,0,99.93
2023_24,2023-12-05,20,Kenilworth Road,51.88417,-0.43167,Luton Town,Arsenal,0,0,0,18,1,0,1,0,94.17
2023_24,2023-12-05,19,Molineux Stadium,52.59028,-2.13028,Wolverhampton Wanderers,Burnley,0,0,0,14,19,0,0,0,94.97
2023_24,2023-12-06,19,Amex Stadium,50.8618222,-0.083278,Brighton & Hove Albion,Brentford,0,0,0,8,10,0,0,0,96.73
2023_24,2023-12-06,20,Old Trafford,53.46306,-2.29139,Manchester United,Chelsea,0,0,1,7,10,1,1,0,98.3
2023_24,2023-12-06,19,Craven Cottage,51.475,-0.22167,Fulham,Nottingham Forest,0,0,0,15,16,0,0,0,93.79
2023_24,2023-12-06,19,Selhurst Park,51.39833,-0.08556,Crystal Palace,AFC Bournemouth,0,0,0,13,17,0,0,0,92.54
2023_24,2023-12-06,19,Bramall Lane,53.37028,-1.47083,Sheffield United,Liverpool,0,0,0,20,2,0,1,0,96.04
2023_24,2023-12-06,20,Villa Park,52.50917,-1.88472,Aston Villa,Manchester City,0,0,0,4,3,0,1,1,99.15
2023_24,2023-12-07,20,Tottenham Hotspur Stadium,51.60472,-0.06639,Tottenham Hotspur,West Ham United,0,0,0,5,9,0,1,1,96.63
2023_24,2023-12-07,19,Goodison Park,53.43889,-2.96639,Everton,Newcastle United,0,0,0,11,5,0,0,0,96.53
2023_24,2023-12-09,17,Villa Park,52.50917,-1.88472,Aston Villa,Arsenal,1,0,0,3,1,0,1,0,98.4
2023_24,2023-12-09,15,Amex Stadium,50.8618222,-0.083278,Brighton & Hove Albion,Burnley,1,0,0,8,19,0,0,0,99.09
2023_24,2023-12-09,12,Selhurst Park,51.39833,-0.08556,Crystal Palace,Liverpool,1,0,0,15,2,0,1,0,96.38
2023_24,2023-12-09,15,Old Trafford,53.46306,-2.29139,Manchester United,AFC Bournemouth,1,0,0,6,16,0,1,1,98.06
2023_24,2023-12-09,15,Bramall Lane,53.37028,-1.47083,Sheffield United,Brentford,1,0,0,20,11,0,0,1,87.18
2023_24,2023-12-09,15,Molineux Stadium,52.59028,-2.13028,Wolverhampton Wanderers,Nottingham Forest,1,0,0,12,17,0,0,0,98.42
2023_24,2023-12-10,14,Goodison Park,53.43889,-2.96639,Everton,Chelsea,1,0,1,10,10,0,1,0,99.26
2023_24,2023-12-10,14,Kenilworth Road,51.88417,-0.43167,Luton Town,Manchester City,1,0,0,18,4,0,1,1,93.62
2023_24,2023-12-10,16,Tottenham Hotspur Stadium,51.60472,-0.06639,Tottenham Hotspur,Newcastle United,1,0,0,5,7,0,1,1,97.33
2023_24,2023-12-10,14,Craven Cottage,51.475,-0.22167,Fulham,West Ham United,1,0,0,12,9,0,0,0,93.34
2023_24,2023-12-15,20,The City Ground,52.94,-1.13278,Nottingham Forest,Tottenham Hotspur,0,0,0,17,5,0,1,0,96.23
2023_24,2023-12-16,17,Turf Moor,53.78917,-2.23028,Burnley,Everton,1,0,0,19,10,0,0,0,97.58
2023_24,2023-12-16,15,Etihad Stadium,53.48306,-2.20028,Manchester City,Crystal Palace,1,0,0,4,16,0,1,0,96.54
2023_24,2023-12-16,15,St James' Park,54.97556,-1.62167,Newcastle United,Fulham,1,0,0,7,11,0,0,0,99.46
2023_24,2023-12-16,15,Stamford Bridge,51.48167,-0.19111,Chelsea,Sheffield United,1,0,0,13,20,0,1,0,96.93
2023_24,2023-12-17,14,Gtech Community Stadium,51.490825,-0.2887,Brentford,Aston Villa,1,0,0,12,3,0,0,0,98.75
2023_24,2023-12-17,14,London Stadium,51.53861,-0.01639,West Ham United,Wolverhampton Wanderers,1,0,0,9,13,0,0,0,99.93
2023_24,2023-12-17,16,Anfield,53.43083,-2.96083,Liverpool,Manchester United,1,0,0,1,6,1,1,0,94.16
2023_24,2023-12-17,14,Emirates Stadium,51.555,-0.10861,Arsenal,Brighton & Hove Albion,1,0,0,2,8,0,1,0,99.26
2023_24,2023-12-21,20,Selhurst Park,51.39833,-0.08556,Crystal Palace,Brighton & Hove Albion,0,0,0,16,9,0,0,0,92.8
2023_24,2023-12-22,20,Villa Park,52.50917,-1.88472,Aston Villa,Sheffield United,0,0,0,3,20,0,0,0,97.58
2023_24,2023-12-23,12,London Stadium,51.53861,-0.01639,West Ham United,Manchester United,1,0,0,8,7,0,1,0,99.96
2023_24,2023-12-23,15,Tottenham Hotspur Stadium,51.60472,-0.06639,Tottenham Hotspur,Everton,1,0,0,5,9,0,1,0,98.34
2023_24,2023-12-23,15,The City Ground,52.94,-1.13278,Nottingham Forest,AFC Bournemouth,1,0,1,17,14,0,0,0,95.87
2023_24,2023-12-23,15,Kenilworth Road,51.88417,-0.43167,Luton Town,Newcastle United,1,0,0,18,6,0,0,0,93.58
2023_24,2023-12-23,17,Anfield,53.43083,-2.96083,Liverpool,Arsenal,1,0,1,2,1,1,1,0,94.8
2023_24,2023-12-23,15,Craven Cottage,51.475,-0.22167,Fulham,Burnley,1,0,0,12,19,0,0,0,91.82
2023_24,2023-12-24,13,Molineux Stadium,52.59028,-2.13028,Wolverhampton Wanderers,Chelsea,1,0,0,14,11,0,1,0,98.72
2023_24,2023-12-26,12,St James' Park,54.97556,-1.62167,Newcastle United,Nottingham Forest,0,1,0,7,17,0,0,0,99.75
2023_24,2023-12-26,15,Vitality Stadium,50.73528,-1.83833,AFC Bournemouth,Fulham,0,1,0,12,13,0,0,0,97.97
2023_24,2023-12-26,17,Turf Moor,53.78917,-2.23028,Burnley,Liverpool,0,1,0,19,2,0,1,0,98.54
2023_24,2023-12-26,20,Old Trafford,53.46306,-2.29139,Manchester United,Aston Villa,0,1,0,8,2,0,1,0,98.26
2023_24,2023-12-26,15,Bramall Lane,53.37028,-1.47083,Sheffield United,Luton Town,0,1,0,19,18,0,0,0,94.92
2023_24,2023-12-27,19,Gtech Community Stadium,51.490825,-0.2887,Brentford,Wolverhampton Wanderers,0,0,0,13,12,0,0,0,99.18
2023_24,2023-12-27,19,Stamford Bridge,51.48167,-0.19111,Chelsea,Crystal Palace,0,0,0,11,16,0,1,0,96.98
2023_24,2023-12-27,20,Goodison Park,53.43889,-2.96639,Everton,Manchester City,0,0,0,10,4,0,1,0,99.38
2023_24,2023-12-28,20,Emirates Stadium,51.555,-0.10861,Arsenal,West Ham United,0,0,0,1,6,0,1,1,99.27
2023_24,2023-12-28,19,Amex Stadium,50.8618222,-0.083278,Brighton & Hove Albion,Tottenham Hotspur,0,0,1,8,4,0,1,1,99.61
2023_24,2023-12-30,17,The City Ground,52.94,-1.13278,Nottingham Forest,Manchester United,1,0,0,17,6,0,1,1,96.99
2023_24,2023-12-30,15,Etihad Stadium,53.48306,-2.20028,Manchester City,Sheffield United,1,0,0,4,20,0,1,1,96.53
2023_24,2023-12-30,12,Kenilworth Road,51.88417,-0.43167,Luton Town,Chelsea,1,0,0,18,11,0,1,0,93.57
2023_24,2023-12-30,15,Selhurst Park,51.39833,-0.08556,Crystal Palace,Brentford,1,0,0,16,15,0,0,0,97.79
2023_24,2023-12-30,15,Villa Park,52.50917,-1.88472,Aston Villa,Burnley,1,0,0,3,19,0,0,1,97.5
2023_24,2023-12-30,15,Molineux Stadium,52.59028,-2.13028,Wolverhampton Wanderers,Everton,1,0,1,12,10,0,0,1,98.72
2023_24,2023-12-31,14,Tottenham Hotspur Stadium,51.60472,-0.06639,Tottenham Hotspur,AFC Bournemouth,1,0,0,5,11,0,1,0,98.3
2023_24,2023-12-31,14,Craven Cottage,51.475,-0.22167,Fulham,Arsenal,1,0,0,14,2,0,1,0,95.11
2023_24,2024-01-01,20,Anfield,53.43083,-2.96083,Liverpool,Newcastle United,0,1,0,1,8,0,1,1,94.67
2023_24,2024-01-02,19,London Stadium,51.53861,-0.01639,West Ham United,Brighton & Hove Albion,0,0,0,6,8,0,0,1,99.94
2023_24,2024-01-12,19,Turf Moor,53.78917,-2.23028,Burnley,Luton Town,0,0,0,19,18,0,0,0,91.85
2023_24,2024-01-13,12,Stamford Bridge,51.48167,-0.19111,Chelsea,Fulham,1,0,0,10,14,0,1,0,97.04
2023_24,2024-01-13,17,St James' Park,54.97556,-1.62167,Newcastle United,Manchester City,1,0,0,9,3,0,1,0,99.72
2023_24,2024-01-14,14,Goodison Park,53.43889,-2.96639,Everton,Aston Villa,1,0,1,12,2,0,0,0,99.27
2023_24,2024-01-14,16,Old Trafford,53.46306,-2.29139,Manchester United,Tottenham Hotspur,1,0,0,7,5,1,1,0,98.14
2023_24,2024-01-20,17,Gtech Community Stadium,51.490825,-0.2887,Brentford,Nottingham Forest,1,0,0,17,16,0,0,0,99.0
2023_24,2024-01-20,12,Emirates Stadium,51.555,-0.10861,Arsenal,Crystal Palace,1,0,0,4,14,0,1,0,99.31
2023_24,2024-01-21,16,Vitality Stadium,50.73528,-1.83833,AFC Bournemouth,Liverpool,1,0,0,13,1,0,1,0,99.11
2023_24,2024-01-21,14,Bramall Lane,53.37028,-1.47083,Sheffield United,West Ham United,1,0,1,20,6,0,0,0,89.18
2023_24,2024-01-22,19,Amex Stadium,50.8618222,-0.083278,Brighton & Hove Albion,Wolverhampton Wanderers,0,0,0,7,11,0,0,0,99.07
2023_24,2024-01-30,20,Selhurst Park,51.39833,-0.08556,Crystal Palace,Sheffield United,0,0,0,16,20,0,0,0,95.14
2023_24,2024-01-30,19,Craven Cottage,51.475,-0.22167,Fulham,Everton,0,0,0,14,12,0,0,0,94.85
2023_24,2024-01-30,19,Kenilworth Road,51.88417,-0.43167,Luton Town,Brighton & Hove Albion,0,0,0,18,7,0,0,0,93.17
2023_24,2024-01-30,19,The City Ground,52.94,-1.13278,Nottingham Forest,Arsenal,0,0,0,17,3,0,1,0,96.52
2023_24,2024-01-30,20,Villa Park,52.50917,-1.88472,Aston Villa,Newcastle United,0,0,0,3,10,0,0,0,98.85
2023_24,2024-01-31,19,Tottenham Hotspur Stadium,51.60472,-0.06639,Tottenham Hotspur,Brentford,0,0,0,5,15,0,1,0,97.39
2023_24,2024-01-31,19,Etihad Stadium,53.48306,-2.20028,Manchester City,Burnley,0,0,0,2,19,0,1,0,94.78
2023_24,2024-01-31,20,Anfield,53.43083,-2.96083,Liverpool,Chelsea,0,0,0,1,8,1,1,0,94.76
2023_24,2024-02-01,20,Molineux Stadium,52.59028,-2.13028,Wolverhampton Wanderers,Manchester United,0,0,0,11,7,0,1,0,98.72
2023_24,2024-02-01,19,London Stadium,51.53861,-0.01639,West Ham United,AFC Bournemouth,0,0,1,6,13,0,0,0,99.92
2023_24,2024-02-03,15,St James' Park,54.97556,-1.62167,Newcastle United,Luton Town,1,0,0,7,18,0,0,0,99.76
2023_24,2024-02-03,12,Goodison Park,53.43889,-2.96639,Everton,Tottenham Hotspur,1,0,0,12,4,0,1,0,99.37
2023_24,2024-02-03,15,Amex Stadium,50.8618222,-0.083278,Brighton & Hove Albion,Crystal Palace,1,0,0,8,15,0,0,0,98.57
2023_24,2024-02-03,17,Bramall Lane,53.37028,-1.47083,Sheffield United,Aston Villa,1,0,0,20,4,0,0,1,88.61
2023_24,2024-02-03,15,Turf Moor,53.78917,-2.23028,Burnley,Fulham,1,0,1,19,13,0,0,0,92.07
2023_24,2024-02-04,14,Vitality Stadium,50.73528,-1.83833,AFC Bournemouth,Nottingham Forest,1,0,0,13,17,0,0,1,98.86
2023_24,2024-02-04,16,Emirates Stadium,51.555,-0.10861,Arsenal,Liverpool,1,0,0,2,1,1,1,0,99.46
2023_24,2024-02-04,14,Stamford Bridge,51.48167,-0.19111,Chelsea,Wolverhampton Wanderers,1,0,0,10,11,0,1,0,97.0
2023_24,2024-02-04,14,Old Trafford,53.46306,-2.29139,Manchester United,West Ham United,1,0,0,7,6,0,1,1,98.31
2023_24,2024-02-05,20,Gtech Community Stadium,51.490825,-0.2887,Brentford,Manchester City,0,0,0,16,2,0,1,0,99.11
2023_24,2024-02-10,17,The City Ground,52.94,-1.13278,Nottingham Forest,Newcastle United,1,0,0,17,9,0,0,0,96.74
2023_24,2024-02-10,15,Craven Cottage,51.475,-0.22167,Fulham,AFC Bournemouth,1,0,1,13,13,0,0,0,94.44
2023_24,2024-02-10,15,Anfield,53.43083,-2.96083,Liverpool,Burnley,1,0,0,1,19,0,1,0,98.67
2023_24,2024-02-10,15,Kenilworth Road,51.88417,-0.43167,Luton Town,Sheffield United,1,0,0,17,20,0,0,0,94.39
2023_24,2024-02-10,12,Etihad Stadium,53.48306,-2.20028,Manchester City,Everton,1,0,0,2,12,0,1,1,94.86
2023_24,2024-02-10,15,Tottenham Hotspur Stadium,51.60472,-0.06639,Tottenham Hotspur,Brighton & Hove Albion,1,0,0,5,7,0,1,0,97.76
2023_24,2024-02-10,15,Molineux Stadium,52.59028,-2.13028,Wolverhampton Wanderers,Brentford,1,0,0,10,16,0,0,0,95.88
2023_24,2024-02-11,16,Villa Park,52.50917,-1.88472,Aston Villa,Manchester United,1,0,0,4,6,0,1,0,98.84
2023_24,2024-02-11,14,London Stadium,51.53861,-0.01639,West Ham United,Arsenal,1,0,0,7,2,0,1,1,99.96
2023_24,2024-02-12,20,Selhurst Park,51.39833,-0.08556,Crystal Palace,Chelsea,0,0,0,15,11,0,1,0,96.4
2023_24,2024-02-17,15,St James' Park,54.97556,-1.62167,Newcastle United,AFC Bournemouth,1,0,0,7,14,0,0,0,99.78
2023_24,2024-02-17,15,Tottenham Hotspur Stadium,51.60472,-0.06639,Tottenham Hotspur,Wolverhampton Wanderers,1,0,0,4,10,0,1,0,97.9
2023_24,2024-02-17,15,The City Ground,52.94,-1.13278,Nottingham Forest,West Ham United,1,0,0,17,8,0,0,0,96.86
2023_24,2024-02-17,17,Etihad Stadium,53.48306,-2.20028,Manchester City,Chelsea,1,0,0,2,10,1,1,0,97.26
2023_24,2024-02-17,15,Turf Moor,53.78917,-2.23028,Burnley,Arsenal,1,0,0,19,3,0,1,0,97.12
2023_24,2024-02-17,12,Gtech Community Stadium,51.490825,-0.2887,Brentford,Liverpool,1,0,0,15,1,0,1,0,99.67
2023_24,2024-02-17,15,Craven Cottage,51.475,-0.22167,Fulham,Aston Villa,1,0,0,12,5,0,0,0,94.95
2023_24,2024-02-18,16,Kenilworth Road,51.88417,-0.43167,Luton Town,Manchester United,1,0,0,18,6,0,1,0,97.31
2023_24,2024-02-18,14,Bramall Lane,53.37028,-1.47083,Sheffield United,Brighton & Hove Albion,1,0,0,20,9,0,0,0,90.28
2023_24,2024-02-19,20,Goodison Park,53.43889,-2.96639,Everton,Crystal Palace,0,0,0,13,16,0,0,0,96.44
2023_24,2024-02-20,19,Etihad Stadium,53.48306,-2.20028,Manchester City,Brentford,0,0,0,3,15,0,1,1,94.97
2023_24,2024-02-21,19,Anfield,53.43083,-2.96083,Liverpool,Luton Town,0,0,0,1,18,0,1,0,98.67
2023_24,2024-02-24,15,Amex Stadium,50.8618222,-0.083278,Brighton & Hove Albion,Everton,1,0,0,7,12,0,0,1,99.52
2023_24,2024-02-24,15,Old Trafford,53.46306,-2.29139,Manchester United,Fulham,1,0,0,6,13,0,1,0,98.14
2023_24,2024-02-24,17,Vitality Stadium,50.73528,-1.83833,AFC Bournemouth,Manchester City,1,0,0,14,2,0,1,0,98.72
2023_24,2024-02-24,20,Emirates Stadium,51.555,-0.10861,Arsenal,Newcastle United,1,0,0,2,7,0,1,0,99.33
2023_24,2024-02-24,15,Villa Park,52.50917,-1.88472,Aston Villa,Nottingham Forest,1,0,0,4,16,0,0,0,99.39
2023_24,2024-02-24,15,Selhurst Park,51.39833,-0.08556,Crystal Palace,Burnley,1,0,0,16,19,0,0,1,92.3
2023_24,2024-02-25,13,Molineux Stadium,52.59028,-2.13028,Wolverhampton Wanderers,Sheffield United,1,0,0,11,20,0,0,0,96.07
2023_24,2024-02-26,20,London Stadium,51.53861,-0.01639,West Ham United,Brentford,0,0,0,8,15,0,0,0,99.92
2023_24,2024-03-02,15,Gtech Community Stadium,51.490825,-0.2887,Brentford,Chelsea,1,0,0,16,10,0,1,1,99.36
2023_24,2024-03-02,17,Kenilworth Road,51.88417,-0.43167,Luton Town,Aston Villa,1,0,0,18,4,0,0,0,98.25
2023_24,2024-03-02,15,Craven Cottage,51.475,-0.22167,Fulham,Brighton & Hove Albion,1,0,1,12,7,0,0,0,95.18
2023_24,2024-03-02,15,The City Ground,52.94,-1.13278,Nottingham Forest,Liverpool,1,0,0,17,1,0,1,1,97.23
2023_24,2024-03-02,15,Tottenham Hotspur Stadium,51.60472,-0.06639,Tottenham Hotspur,Crystal Palace,1,0,0,5,14,0,1,1,97.6
2023_24,2024-03-02,15,Goodison Park,53.43889,-2.96639,Everton,West Ham United,1,0,0,13,8,0,0,1,99.22
2023_24,2024-03-02,15,St James' Park,54.97556,-1.62167,Newcastle United,Wolverhampton Wanderers,1,0,0,8,8,0,0,1,99.75
2023_24,2024-03-03,13,Turf Moor,53.78917,-2.23028,Burnley,AFC Bournemouth,1,0,0,19,15,0,0,0,89.83
2023_24,2024-03-03,15,Etihad Stadium,53.48306,-2.20028,Manchester City,Manchester United,1,0,0,2,6,1,1,1,97.28
2023_24,2024-03-04,20,Bramall Lane,53.37028,-1.47083,Sheffield United,Arsenal,0,0,0,20,3,0,1,1,91.68
2023_24,2024-03-09,15,Vitality Stadium,50.73528,-1.83833,AFC Bournemouth,Sheffield United,1,0,0,14,20,0,0,1,97.75
2023_24,2024-03-09,17,Emirates Stadium,51.555,-0.10861,Arsenal,Brentford,1,0,0,3,16,0,1,0,99.39
2023_24,2024-03-09,15,Selhurst Park,51.39833,-0.08556,Crystal Palace,Luton Town,1,0,0,15,18,0,0,0,96.38
2023_24,2024-03-09,15,Molineux Stadium,52.59028,-2.13028,Wolverhampton Wanderers,Fulham,1,0,1,10,12,0,0,1,96.29
2023_24,2024-03-09,12,Old Trafford,53.46306,-2.29139,Manchester United,Everton,1,0,0,6,13,0,1,0,98.29
2023_24,2024-03-10,15,Anfield,53.43083,-2.96083,Liverpool,Manchester City,1,0,0,1,2,1,1,1,98.75
2023_24,2024-03-10,14,London Stadium,51.53861,-0.01639,West Ham United,Burnley,1,0,0,7,19,0,0,1,99.91
2023_24,2024-03-10,14,Amex Stadium,50.8618222,-0.083278,Brighton & Hove Albion,Nottingham Forest,1,0,0,9,17,0,0,1,99.07
2023_24,2024-03-10,13,Villa Park,52.50917,-1.88472,Aston Villa,Tottenham Hotspur,1,0,1,4,5,0,1,1,99.13
2023_24,2024-03-11,20,Stamford Bridge,51.48167,-0.19111,Chelsea,Newcastle United,0,0,0,11,8,0,1,0,94.86
2023_24,2024-03-13,19,Vitality Stadium,50.73528,-1.83833,AFC Bournemouth,Luton Town,0,0,0,13,18,0,0,0,98.84
2023_24,2024-03-16,15,Turf Moor,53.78917,-2.23028,Burnley,Brentford,1,0,0,19,16,0,0,0,93.11
2023_24,2024-03-16,17,Craven Cottage,51.475,-0.22167,Fulham,Tottenham Hotspur,1,0,0,12,5,0,1,0,94.98
2023_24,2024-03-16,15,Kenilworth Road,51.88417,-0.43167,Luton Town,Nottingham Forest,1,0,1,18,17,0,0,0,98.56
2023_24,2024-03-17,14,London Stadium,51.53861,-0.01639,West Ham United,Aston Villa,1,0,1,7,4,0,0,1,99.94
2023_24,2024-03-30,15,Stamford Bridge,51.48167,-0.19111,Chelsea,Burnley,1,0,0,11,19,0,1,0,96.77
2023_24,2024-03-30,15,The City Ground,52.94,-1.13278,Nottingham Forest,Crystal Palace,1,0,0,17,15,0,0,0,96.96
2023_24,2024-03-30,15,Vitality Stadium,50.73528,-1.83833,AFC Bournemouth,Everton,1,0,0,13,14,0,0,0,98.92
2023_24,2024-03-30,12,St James' Park,54.97556,-1.62167,Newcastle United,West Ham United,1,0,0,10,7,0,0,0,99.73
2023_24,2024-03-30,17,Villa Park,52.50917,-1.88472,Aston Villa,Wolverhampton Wanderers,1,0,0,4,8,0,0,0,99.9
2023_24,2024-03-30,20,Gtech Community Stadium,51.490825,-0.2887,Brentford,Manchester United,1,0,0,16,6,0,1,0,99.35
2023_24,2024-03-30,15,Bramall Lane,53.37028,-1.47083,Sheffield United,Fulham,1,0,0,19,12,0,0,0,91.77
2023_24,2024-03-30,15,Tottenham Hotspur Stadium,51.60472,-0.06639,Tottenham Hotspur,Luton Town,1,0,0,5,18,0,1,0,97.91
2023_24,2024-03-31,14,Anfield,53.43083,-2.96083,Liverpool,Brighton & Hove Albion,1,1,0,2,8,0,1,0,98.94
2023_24,2024-03-31,16,Etihad Stadium,53.48306,-2.20028,Manchester City,Arsenal,1,1,0,3,1,1,1,0,97.3
