Date,HomeTeam,AwayTeam,Time
2017-08-11,Arsenal,Leicester City,19:45:00
2017-08-12,Watford,Liverpool,12:30:00
2017-08-12,Chelsea,Burnley,15:00:00
2017-08-12,Crystal Palace,Huddersfield Town,15:00:00
2017-08-12,Everton,Stoke City,15:00:00
2017-08-12,Southampton,Swansea City,15:00:00
2017-08-12,West Bromwich Albion,AFC Bournemouth,15:00:00
2017-08-12,Brighton & Hove Albion,Manchester City,17:30:00
2017-08-13,Newcastle United,Tottenham Hotspur,13:30:00
2017-08-13,Manchester United,West Ham United,16:00:00
2017-08-19,Swansea City,Manchester United,12:30:00
2017-08-19,AFC Bournemouth,Watford,15:00:00
2017-08-19,Burnley,West Bromwich Albion,15:00:00
2017-08-19,Leicester City,Brighton & Hove Albion,15:00:00
2017-08-19,Liverpool,Crystal Palace,15:00:00
2017-08-19,Southampton,West Ham United,15:00:00
2017-08-19,Stoke City,Arsenal,17:30:00
2017-08-20,Huddersfield Town,Newcastle United,13:30:00
2017-08-20,Tottenham Hotspur,Chelsea,16:00:00
2017-08-21,Manchester City,Everton,20:00:00
2017-08-26,AFC Bournemouth,Manchester City,12:30:00
2017-08-26,Crystal Palace,Swansea City,15:00:00
2017-08-26,Huddersfield Town,Southampton,15:00:00
2017-08-26,Newcastle United,West Ham United,15:00:00
2017-08-26,Watford,Brighton & Hove Albion,15:00:00
2017-08-26,Manchester United,Leicester City,17:30:00
2017-08-27,Chelsea,Everton,13:30:00
2017-08-27,West Bromwich Albion,Stoke City,13:30:00
2017-08-27,Liverpool,Arsenal,16:00:00
2017-08-27,Tottenham Hotspur,Burnley,16:00:00
2017-09-09,Manchester City,Liverpool,12:30:00
2017-09-09,Arsenal,AFC Bournemouth,15:00:00
2017-09-09,Brighton & Hove Albion,West Bromwich Albion,15:00:00
2017-09-09,Everton,Tottenham Hotspur,15:00:00
2017-09-09,Leicester City,Chelsea,15:00:00
2017-09-09,Southampton,Watford,15:00:00
2017-09-09,Stoke City,Manchester United,17:30:00
2017-09-10,Burnley,Crystal Palace,13:30:00
2017-09-10,Swansea City,Newcastle United,16:00:00
2017-09-11,West Ham United,Huddersfield Town,20:00:00
2017-09-15,AFC Bournemouth,Brighton & Hove Albion,20:00:00
2017-09-16,Crystal Palace,Southampton,12:30:00
2017-09-16,Huddersfield Town,Leicester City,15:00:00
2017-09-16,Liverpool,Burnley,15:00:00
2017-09-16,Newcastle United,Stoke City,15:00:00
2017-09-16,Watford,Manchester City,15:00:00
2017-09-16,West Bromwich Albion,West Ham United,15:00:00
2017-09-16,Tottenham Hotspur,Swansea City,17:30:00
2017-09-17,Chelsea,Arsenal,13:30:00
2017-09-17,Manchester United,Everton,16:00:00
2017-09-23,West Ham United,Tottenham Hotspur,12:30:00
2017-09-23,Burnley,Huddersfield Town,15:00:00
2017-09-23,Everton,AFC Bournemouth,15:00:00
2017-09-23,Manchester City,Crystal Palace,15:00:00
2017-09-23,Southampton,Manchester United,15:00:00
2017-09-23,Stoke City,Chelsea,15:00:00
2017-09-23,Swansea City,Watford,15:00:00
2017-09-23,Leicester City,Liverpool,17:30:00
2017-09-24,Brighton & Hove Albion,Newcastle United,16:00:00
2017-09-25,Arsenal,West Bromwich Albion,20:00:00
2017-09-30,Huddersfield Town,Tottenham Hotspur,12:30:00
2017-09-30,AFC Bournemouth,Leicester City,15:00:00
2017-09-30,Manchester United,Crystal Palace,15:00:00
2017-09-30,Stoke City,Southampton,15:00:00
2017-09-30,West Bromwich Albion,Watford,15:00:00
2017-09-30,West Ham United,Swansea City,15:00:00
2017-09-30,Chelsea,Manchester City,17:30:00
2017-10-01,Arsenal,Brighton & Hove Albion,12:00:00
2017-10-01,Everton,Burnley,14:15:00
2017-10-01,Newcastle United,Liverpool,16:30:00
2017-10-14,Liverpool,Manchester United,12:30:00
2017-10-14,Burnley,West Ham United,15:00:00
2017-10-14,Crystal Palace,Chelsea,15:00:00
2017-10-14,Manchester City,Stoke City,15:00:00
2017-10-14,Swansea City,Huddersfield Town,15:00:00
2017-10-14,Tottenham Hotspur,AFC Bournemouth,15:00:00
2017-10-14,Watford,Arsenal,17:30:00
2017-10-15,Brighton & Hove Albion,Everton,13:30:00
2017-10-15,Southampton,Newcastle United,16:00:00
2017-10-16,Leicester City,West Bromwich Albion,20:00:00
2017-10-20,West Ham United,Brighton & Hove Albion,20:00:00
2017-10-21,Chelsea,Watford,12:30:00
2017-10-21,Huddersfield Town,Manchester United,15:00:00
2017-10-21,Manchester City,Burnley,15:00:00
2017-10-21,Newcastle United,Crystal Palace,15:00:00
2017-10-21,Stoke City,AFC Bournemouth,15:00:00
2017-10-21,Swansea City,Leicester City,15:00:00
2017-10-21,Southampton,West Bromwich Albion,17:30:00
2017-10-22,Everton,Arsenal,13:30:00
2017-10-22,Tottenham Hotspur,Liverpool,16:00:00
2017-10-28,Manchester United,Tottenham Hotspur,12:30:00
2017-10-28,Arsenal,Swansea City,15:00:00
2017-10-28,Crystal Palace,West Ham United,15:00:00
2017-10-28,Liverpool,Huddersfield Town,15:00:00
2017-10-28,Watford,Stoke City,15:00:00
2017-10-28,West Bromwich Albion,Manchester City,15:00:00
2017-10-28,AFC Bournemouth,Chelsea,17:30:00
2017-10-29,Brighton & Hove Albion,Southampton,13:30:00
2017-10-29,Leicester City,Everton,16:00:00
2017-10-30,Burnley,Newcastle United,20:00:00
2017-11-04,Stoke City,Leicester City,12:30:00
2017-11-04,Huddersfield Town,West Bromwich Albion,15:00:00
2017-11-04,Newcastle United,AFC Bournemouth,15:00:00
2017-11-04,Southampton,Burnley,15:00:00
2017-11-04,Swansea City,Brighton & Hove Albion,15:00:00
2017-11-04,West Ham United,Liverpool,17:30:00
2017-11-05,Tottenham Hotspur,Crystal Palace,12:00:00
2017-11-05,Manchester City,Arsenal,14:15:00
2017-11-05,Chelsea,Manchester United,16:30:00
2017-11-05,Everton,Watford,16:30:00
2017-11-18,Arsenal,Tottenham Hotspur,12:30:00
2017-11-18,AFC Bournemouth,Huddersfield Town,15:00:00
2017-11-18,Burnley,Swansea City,15:00:00
2017-11-18,Crystal Palace,Everton,15:00:00
2017-11-18,Leicester City,Manchester City,15:00:00
2017-11-18,Liverpool,Southampton,15:00:00
2017-11-18,West Bromwich Albion,Chelsea,15:00:00
2017-11-18,Manchester United,Newcastle United,17:30:00
2017-11-19,Watford,West Ham United,16:00:00
2017-11-20,Brighton & Hove Albion,Stoke City,20:00:00
2017-11-24,West Ham United,Leicester City,20:00:00
2017-11-25,Crystal Palace,Stoke City,15:00:00
2017-11-25,Manchester United,Brighton & Hove Albion,15:00:00
2017-11-25,Newcastle United,Watford,15:00:00
2017-11-25,Swansea City,AFC Bournemouth,15:00:00
2017-11-25,Tottenham Hotspur,West Bromwich Albion,15:00:00
2017-11-25,Liverpool,Chelsea,17:30:00
2017-11-26,Southampton,Everton,13:30:00
2017-11-26,Burnley,Arsenal,14:00:00
2017-11-26,Huddersfield Town,Manchester City,16:00:00
2017-11-28,Brighton & Hove Albion,Crystal Palace,19:45:00
2017-11-28,Leicester City,Tottenham Hotspur,19:45:00
2017-11-28,Watford,Manchester United,20:00:00
2017-11-28,West Bromwich Albion,Newcastle United,20:00:00
2017-11-29,AFC Bournemouth,Burnley,19:45:00
2017-11-29,Arsenal,Huddersfield Town,19:45:00
2017-11-29,Chelsea,Swansea City,19:45:00
2017-11-29,Everton,West Ham United,20:00:00
2017-11-29,Manchester City,Southampton,20:00:00
2017-11-29,Stoke City,Liverpool,20:00:00
2017-12-02,Chelsea,Newcastle United,12:30:00
2017-12-02,Brighton & Hove Albion,Liverpool,15:00:00
2017-12-02,Everton,Huddersfield Town,15:00:00
2017-12-02,Leicester City,Burnley,15:00:00
2017-12-02,Stoke City,Swansea City,15:00:00
2017-12-02,Watford,Tottenham Hotspur,15:00:00
2017-12-02,West Bromwich Albion,Crystal Palace,15:00:00
2017-12-02,Arsenal,Manchester United,17:30:00
2017-12-03,AFC Bournemouth,Southampton,13:30:00
2017-12-03,Manchester City,West Ham United,16:00:00
2017-12-09,West Ham United,Chelsea,12:30:00
2017-12-09,Burnley,Watford,15:00:00
2017-12-09,Crystal Palace,AFC Bournemouth,15:00:00
2017-12-09,Huddersfield Town,Brighton & Hove Albion,15:00:00
2017-12-09,Swansea City,West Bromwich Albion,15:00:00
2017-12-09,Tottenham Hotspur,Stoke City,15:00:00
2017-12-09,Newcastle United,Leicester City,17:30:00
2017-12-10,Southampton,Arsenal,12:00:00
2017-12-10,Liverpool,Everton,14:15:00
2017-12-10,Manchester United,Manchester City,16:30:00
2017-12-12,Burnley,Stoke City,19:45:00
2017-12-12,Crystal Palace,Watford,20:00:00
2017-12-12,Huddersfield Town,Chelsea,20:00:00
2017-12-13,Swansea City,Manchester City,19:45:00
2017-12-13,Newcastle United,Everton,19:45:00
2017-12-13,Southampton,Leicester City,19:45:00
2017-12-13,Manchester United,AFC Bournemouth,20:00:00
2017-12-13,West Ham United,Arsenal,20:00:00
2017-12-13,Liverpool,West Bromwich Albion,20:00:00
2017-12-13,Tottenham Hotspur,Brighton & Hove Albion,20:00:00
2017-12-16,Leicester City,Crystal Palace,12:30:00
2017-12-16,Arsenal,Newcastle United,15:00:00
2017-12-16,Brighton & Hove Albion,Burnley,15:00:00
2017-12-16,Chelsea,Southampton,15:00:00
2017-12-16,Watford,Huddersfield Town,15:00:00
2017-12-16,Stoke City,West Ham United,16:00:00
2017-12-16,Manchester City,Tottenham Hotspur,17:30:00
2017-12-17,West Bromwich Albion,Manchester United,14:15:00
2017-12-17,AFC Bournemouth,Liverpool,16:30:00
2017-12-18,Everton,Swansea City,20:00:00
2017-12-22,Arsenal,Liverpool,19:45:00
2017-12-23,Everton,Chelsea,12:30:00
2017-12-23,Brighton & Hove Albion,Watford,15:00:00
2017-12-23,Manchester City,AFC Bournemouth,15:00:00
2017-12-23,Southampton,Huddersfield Town,15:00:00
2017-12-23,Stoke City,West Bromwich Albion,15:00:00
2017-12-23,Swansea City,Crystal Palace,15:00:00
2017-12-23,West Ham United,Newcastle United,15:00:00
2017-12-23,Burnley,Tottenham Hotspur,17:30:00
2017-12-23,Leicester City,Manchester United,19:45:00
2017-12-26,Tottenham Hotspur,Southampton,12:30:00
2017-12-26,AFC Bournemouth,West Ham United,15:00:00
2017-12-26,Chelsea,Brighton & Hove Albion,15:00:00
2017-12-26,Huddersfield Town,Stoke City,15:00:00
2017-12-26,Manchester United,Burnley,15:00:00
2017-12-26,Watford,Leicester City,15:00:00
2017-12-26,West Bromwich Albion,Everton,15:00:00
2017-12-26,Liverpool,Swansea City,17:30:00
2017-12-27,Newcastle United,Manchester City,19:45:00
2017-12-28,Crystal Palace,Arsenal,20:00:00
2017-12-30,AFC Bournemouth,Everton,15:00:00
2017-12-30,Chelsea,Stoke City,15:00:00
2017-12-30,Huddersfield Town,Burnley,15:00:00
2017-12-30,Liverpool,Leicester City,15:00:00
2017-12-30,Newcastle United,Brighton & Hove Albion,15:00:00
2017-12-30,Watford,Swansea City,15:00:00
2017-12-30,Manchester United,Southampton,17:30:00
2017-12-31,Crystal Palace,Manchester City,12:00:00
2017-12-31,West Bromwich Albion,Arsenal,16:30:00
2018-01-04,Tottenham Hotspur,West Ham United,20:00:00
2018-01-01,Brighton & Hove Albion,AFC Bournemouth,12:30:00
2018-01-01,Burnley,Liverpool,15:00:00
2018-01-01,Leicester City,Huddersfield Town,15:00:00
2018-01-01,Stoke City,Newcastle United,15:00:00
2018-01-01,Everton,Manchester United,17:30:00
2018-01-02,Southampton,Crystal Palace,19:45:00
2018-01-02,Swansea City,Tottenham Hotspur,19:45:00
2018-01-02,West Ham United,West Bromwich Albion,19:45:00
2018-01-02,Manchester City,Watford,20:00:00
2018-01-03,Arsenal,Chelsea,19:45:00
2018-01-13,Chelsea,Leicester City,15:00:00
2018-01-13,Crystal Palace,Burnley,15:00:00
2018-01-13,Huddersfield Town,West Ham United,15:00:00
2018-01-13,Newcastle United,Swansea City,15:00:00
2018-01-13,Watford,Southampton,15:00:00
2018-01-13,West Bromwich Albion,Brighton & Hove Albion,15:00:00
2018-01-13,Tottenham Hotspur,Everton,17:30:00
2018-01-14,AFC Bournemouth,Arsenal,13:30:00
2018-01-14,Liverpool,Manchester City,16:00:00
2018-01-15,Manchester United,Stoke City,20:00:00
2018-01-20,Brighton & Hove Albion,Chelsea,12:30:00
2018-01-20,Arsenal,Crystal Palace,15:00:00
2018-01-20,Burnley,Manchester United,15:00:00
2018-01-20,Everton,West Bromwich Albion,15:00:00
2018-01-20,Leicester City,Watford,15:00:00
2018-01-20,Stoke City,Huddersfield Town,15:00:00
2018-01-20,West Ham United,AFC Bournemouth,15:00:00
2018-01-20,Manchester City,Newcastle United,17:30:00
2018-01-21,Southampton,Tottenham Hotspur,16:00:00
2018-01-22,Swansea City,Liverpool,20:00:00
2018-01-30,Swansea City,Arsenal,19:45:00
2018-01-30,West Ham United,Crystal Palace,19:45:00
2018-01-30,Huddersfield Town,Liverpool,20:00:00
2018-01-31,Chelsea,AFC Bournemouth,19:45:00
2018-01-31,Everton,Leicester City,19:45:00
2018-01-31,Newcastle United,Burnley,19:45:00
2018-01-31,Southampton,Brighton & Hove Albion,19:45:00
2018-01-31,Manchester City,West Bromwich Albion,20:00:00
2018-01-31,Stoke City,Watford,20:00:00
2018-01-31,Tottenham Hotspur,Manchester United,20:00:00
2018-02-03,Burnley,Manchester City,12:30:00
2018-02-03,AFC Bournemouth,Stoke City,15:00:00
2018-02-03,Brighton & Hove Albion,West Ham United,15:00:00
2018-02-03,Leicester City,Swansea City,15:00:00
2018-02-03,Manchester United,Huddersfield Town,15:00:00
2018-02-03,West Bromwich Albion,Southampton,15:00:00
2018-02-03,Arsenal,Everton,17:30:00
2018-02-04,Crystal Palace,Newcastle United,14:15:00
2018-02-04,Liverpool,Tottenham Hotspur,16:30:00
2018-02-05,Watford,Chelsea,20:00:00
2018-02-10,Tottenham Hotspur,Arsenal,12:30:00
2018-02-10,Everton,Crystal Palace,15:00:00
2018-02-10,Stoke City,Brighton & Hove Albion,15:00:00
2018-02-10,Swansea City,Burnley,15:00:00
2018-02-10,West Ham United,Watford,15:00:00
2018-02-10,Manchester City,Leicester City,17:30:00
2018-02-11,Huddersfield Town,AFC Bournemouth,12:00:00
2018-02-11,Newcastle United,Manchester United,14:15:00
2018-02-11,Southampton,Liverpool,16:30:00
2018-02-12,Chelsea,West Bromwich Albion,20:00:00
2018-02-24,Leicester City,Stoke City,12:30:00
2018-02-24,AFC Bournemouth,Newcastle United,15:00:00
2018-02-24,Brighton & Hove Albion,Swansea City,15:00:00
2018-02-24,Burnley,Southampton,15:00:00
2018-02-24,Liverpool,West Ham United,15:00:00
2018-02-24,West Bromwich Albion,Huddersfield Town,15:00:00
2018-02-24,Watford,Everton,17:30:00
2018-02-25,Crystal Palace,Tottenham Hotspur,12:00:00
2018-02-25,Manchester United,Chelsea,14:05:00
2018-03-01,Arsenal,Manchester City,19:45:00
2018-03-03,Burnley,Everton,12:30:00
2018-03-03,Leicester City,AFC Bournemouth,15:00:00
2018-03-03,Southampton,Stoke City,15:00:00
2018-03-03,Swansea City,West Ham United,15:00:00
2018-03-03,Tottenham Hotspur,Huddersfield Town,15:00:00
2018-03-03,Watford,West Bromwich Albion,15:00:00
2018-03-03,Liverpool,Newcastle United,17:30:00
2018-03-04,Brighton & Hove Albion,Arsenal,13:30:00
2018-03-04,Manchester City,Chelsea,16:00:00
2018-03-05,Crystal Palace,Manchester United,20:00:00
2018-03-10,Manchester United,Liverpool,12:30:00
2018-03-10,Everton,Brighton & Hove Albion,15:00:00
2018-03-10,Huddersfield Town,Swansea City,15:00:00
2018-03-10,Newcastle United,Southampton,15:00:00
2018-03-10,West Bromwich Albion,Leicester City,15:00:00
2018-03-10,West Ham United,Burnley,15:00:00
2018-03-10,Chelsea,Crystal Palace,17:30:00
2018-03-11,Arsenal,Watford,13:30:00
2018-03-11,AFC Bournemouth,Tottenham Hotspur,16:00:00
2018-03-12,Stoke City,Manchester City,20:00:00
2018-03-17,AFC Bournemouth,West Bromwich Albion,15:00:00
2018-03-17,Huddersfield Town,Crystal Palace,15:00:00
2018-03-17,Stoke City,Everton,15:00:00
2018-03-17,Liverpool,Watford,17:30:00
2018-04-19,Burnley,Chelsea,19:45:00
2018-05-08,Swansea City,Southampton,19:45:00
2018-05-09,Leicester City,Arsenal,19:45:00
2018-05-09,Manchester City,Brighton & Hove Albion,20:00:00
2018-05-09,Tottenham Hotspur,Newcastle United,20:00:00
2018-05-10,West Ham United,Manchester United,19:45:00
2018-03-31,Crystal Palace,Liverpool,12:30:00
2018-03-31,Brighton & Hove Albion,Leicester City,15:00:00
2018-03-31,Manchester United,Swansea City,15:00:00
2018-03-31,Newcastle United,Huddersfield Town,15:00:00
2018-03-31,West Ham United,Southampton,15:00:00
2018-03-31,Watford,AFC Bournemouth,15:00:00
2018-03-31,West Bromwich Albion,Burnley,15:00:00
2018-03-31,Everton,Manchester City,17:30:00
2018-04-01,Arsenal,Stoke City,13:30:00
2018-04-01,Chelsea,Tottenham Hotspur,16:00:00
2018-04-07,Everton,Liverpool,12:30:00
2018-04-07,AFC Bournemouth,Crystal Palace,15:00:00
2018-04-07,Brighton & Hove Albion,Huddersfield Town,15:00:00
2018-04-07,Leicester City,Newcastle United,15:00:00
2018-04-07,Stoke City,Tottenham Hotspur,15:00:00
2018-04-07,Watford,Burnley,15:00:00
2018-04-07,West Bromwich Albion,Swansea City,15:00:00
2018-04-07,Manchester City,Manchester United,17:30:00
2018-04-08,Arsenal,Southampton,14:15:00
2018-04-08,Chelsea,West Ham United,16:30:00
2018-04-14,Southampton,Chelsea,12:30:00
2018-04-14,Burnley,Leicester City,15:00:00
2018-04-14,Crystal Palace,Brighton & Hove Albion,15:00:00
2018-04-14,Huddersfield Town,Watford,15:00:00
2018-04-14,Swansea City,Everton,15:00:00
2018-04-14,Liverpool,AFC Bournemouth,17:30:00
2018-04-14,Tottenham Hotspur,Manchester City,19:45:00
2018-04-15,Newcastle United,Arsenal,13:30:00
2018-04-15,Manchester United,West Bromwich Albion,16:00:00
2018-04-16,West Ham United,Stoke City,20:00:00
2018-04-17,Brighton & Hove Albion,Tottenham Hotspur,19:45:00
2018-04-18,AFC Bournemouth,Manchester United,19:45:00
2018-04-19,Leicester City,Southampton,19:45:00
2018-04-21,West Bromwich Albion,Liverpool,12:30:00
2018-04-21,Watford,Crystal Palace,15:00:00
2018-04-22,Arsenal,West Ham United,13:30:00
2018-04-22,Stoke City,Burnley,13:30:00
2018-04-22,Manchester City,Swansea City,16:30:00
2018-04-23,Everton,Newcastle United,20:00:00
2018-05-09,Chelsea,Huddersfield Town,19:45:00
2018-04-28,Liverpool,Stoke City,12:30:00
2018-04-28,Burnley,Brighton & Hove Albion,15:00:00
2018-04-28,Crystal Palace,Leicester City,15:00:00
2018-04-28,Huddersfield Town,Everton,15:00:00
2018-04-28,Newcastle United,West Bromwich Albion,15:00:00
2018-04-28,Southampton,AFC Bournemouth,15:00:00
2018-04-28,Swansea City,Chelsea,17:30:00
2018-04-29,West Ham United,Manchester City,14:15:00
2018-04-29,Manchester United,Arsenal,16:30:00
2018-04-30,Tottenham Hotspur,Watford,20:00:00
2018-05-04,Brighton & Hove Albion,Manchester United,20:00:00
2018-05-05,Stoke City,Crystal Palace,12:30:00
2018-05-05,AFC Bournemouth,Swansea City,15:00:00
2018-05-05,Leicester City,West Ham United,15:00:00
2018-05-05,Watford,Newcastle United,15:00:00
2018-05-05,West Bromwich Albion,Tottenham Hotspur,15:00:00
2018-05-05,Everton,Southampton,17:30:00
2018-05-06,Manchester City,Huddersfield Town,13:30:00
2018-05-06,Arsenal,Burnley,16:30:00
2018-05-06,Chelsea,Liverpool,16:30:00
2018-05-13,Burnley,AFC Bournemouth,15:00:00
2018-05-13,Crystal Palace,West Bromwich Albion,15:00:00
2018-05-13,Huddersfield Town,Arsenal,15:00:00
2018-05-13,Liverpool,Brighton & Hove Albion,15:00:00
2018-05-13,Manchester United,Watford,15:00:00
2018-05-13,Newcastle United,Chelsea,15:00:00
2018-05-13,Southampton,Manchester City,15:00:00
2018-05-13,Swansea City,Stoke City,15:00:00
2018-05-13,Tottenham Hotspur,Leicester City,15:00:00
2018-05-13,West Ham United,Everton,15:00:00
2018-08-10,Manchester United,Leicester City,20:00:00
2018-08-11,Newcastle United,Tottenham Hotspur,12:30:00
2018-08-11,AFC Bournemouth,Cardiff City,15:00:00
2018-08-11,Fulham,Crystal Palace,15:00:00
2018-08-11,Huddersfield Town,Chelsea,15:00:00
2018-08-11,Watford,Brighton & Hove Albion,15:00:00
2018-08-11,Wolverhampton Wanderers,Everton,17:30:00
2018-08-12,Southampton,Burnley,13:30:00
2018-08-12,Liverpool,West Ham United,13:30:00
2018-08-12,Arsenal,Manchester City,16:00:00
2018-08-18,Cardiff City,Newcastle United,12:30:00
2018-08-18,Everton,Southampton,15:00:00
2018-08-18,Leicester City,Wolverhampton Wanderers,15:00:00
2018-08-18,Tottenham Hotspur,Fulham,15:00:00
2018-08-18,West Ham United,AFC Bournemouth,15:00:00
2018-08-18,Chelsea,Arsenal,17:30:00
2018-08-19,Burnley,Watford,13:30:00
2018-08-19,Manchester City,Huddersfield Town,13:30:00
2018-08-19,Brighton & Hove Albion,Manchester United,16:00:00
2018-08-20,Crystal Palace,Liverpool,20:00:00
2018-08-25,Wolverhampton Wanderers,Manchester City,12:30:00
2018-08-25,Arsenal,West Ham United,15:00:00
2018-08-25,AFC Bournemouth,Everton,15:00:00
2018-08-25,Huddersfield Town,Cardiff City,15:00:00
2018-08-25,Southampton,Leicester City,15:00:00
2018-08-25,Liverpool,Brighton & Hove Albion,17:30:00
2018-08-26,Watford,Crystal Palace,13:30:00
2018-08-26,Fulham,Burnley,16:00:00
2018-08-26,Newcastle United,Chelsea,16:00:00
2018-08-27,Manchester United,Tottenham Hotspur,20:00:00
2018-09-01,Leicester City,Liverpool,12:30:00
2018-09-01,Brighton & Hove Albion,Fulham,15:00:00
2018-09-01,Chelsea,AFC Bournemouth,15:00:00
2018-09-01,Crystal Palace,Southampton,15:00:00
2018-09-01,Everton,Huddersfield Town,15:00:00
2018-09-01,West Ham United,Wolverhampton Wanderers,15:00:00
2018-09-01,Manchester City,Newcastle United,17:30:00
2018-09-02,Cardiff City,Arsenal,13:30:00
2018-09-02,Burnley,Manchester United,16:00:00
2018-09-02,Watford,Tottenham Hotspur,16:00:00
2018-09-15,Tottenham Hotspur,Liverpool,12:30:00
2018-09-15,AFC Bournemouth,Leicester City,15:00:00
2018-09-15,Chelsea,Cardiff City,15:00:00
2018-09-15,Huddersfield Town,Crystal Palace,15:00:00
2018-09-15,Manchester City,Fulham,15:00:00
2018-09-15,Newcastle United,Arsenal,15:00:00
2018-09-15,Watford,Manchester United,17:30:00
2018-09-16,Wolverhampton Wanderers,Burnley,13:30:00
2018-09-16,Everton,West Ham United,16:00:00
2018-09-17,Southampton,Brighton & Hove Albion,20:00:00
2018-09-22,Fulham,Watford,12:30:00
2018-09-22,Burnley,AFC Bournemouth,15:00:00
2018-09-22,Cardiff City,Manchester City,15:00:00
2018-09-22,Crystal Palace,Newcastle United,15:00:00
2018-09-22,Leicester City,Huddersfield Town,15:00:00
2018-09-22,Manchester United,Wolverhampton Wanderers,15:00:00
2018-09-22,Liverpool,Southampton,15:00:00
2018-09-22,Brighton & Hove Albion,Tottenham Hotspur,17:30:00
2018-09-23,West Ham United,Chelsea,13:30:00
2018-09-23,Arsenal,Everton,16:00:00
2018-09-29,West Ham United,Manchester United,12:30:00
2018-09-29,Arsenal,Watford,15:00:00
2018-09-29,Everton,Fulham,15:00:00
2018-09-29,Huddersfield Town,Tottenham Hotspur,15:00:00
2018-09-29,Manchester City,Brighton & Hove Albion,15:00:00
2018-09-29,Newcastle United,Leicester City,15:00:00
2018-09-29,Wolverhampton Wanderers,Southampton,15:00:00
2018-09-29,Chelsea,Liverpool,17:30:00
2018-09-30,Cardiff City,Burnley,16:00:00
2018-10-01,AFC Bournemouth,Crystal Palace,20:00:00
2018-10-05,Brighton & Hove Albion,West Ham United,20:00:00
2018-10-06,Burnley,Huddersfield Town,15:00:00
2018-10-06,Crystal Palace,Wolverhampton Wanderers,15:00:00
2018-10-06,Leicester City,Everton,15:00:00
2018-10-06,Tottenham Hotspur,Cardiff City,15:00:00
2018-10-06,Watford,AFC Bournemouth,15:00:00
2018-10-06,Manchester United,Newcastle United,17:30:00
2018-10-07,Fulham,Arsenal,12:00:00
2018-10-07,Southampton,Chelsea,14:15:00
2018-10-07,Liverpool,Manchester City,16:30:00
2018-10-20,Chelsea,Manchester United,12:30:00
2018-10-20,AFC Bournemouth,Southampton,15:00:00
2018-10-20,Cardiff City,Fulham,15:00:00
2018-10-20,Manchester City,Burnley,15:00:00
2018-10-20,Newcastle United,Brighton & Hove Albion,15:00:00
2018-10-20,West Ham United,Tottenham Hotspur,15:00:00
2018-10-20,Wolverhampton Wanderers,Watford,15:00:00
2018-10-20,Huddersfield Town,Liverpool,17:30:00
2018-10-21,Everton,Crystal Palace,16:00:00
2018-10-22,Arsenal,Leicester City,20:00:00
2018-10-27,Brighton & Hove Albion,Wolverhampton Wanderers,15:00:00
2018-10-27,Fulham,AFC Bournemouth,15:00:00
2018-10-27,Liverpool,Cardiff City,15:00:00
2018-10-27,Southampton,Newcastle United,15:00:00
2018-10-27,Watford,Huddersfield Town,15:00:00
2018-10-27,Leicester City,West Ham United,17:30:00
2018-10-28,Burnley,Chelsea,13:30:00
2018-10-28,Crystal Palace,Arsenal,13:30:00
2018-10-28,Manchester United,Everton,16:00:00
2018-10-29,Tottenham Hotspur,Manchester City,20:00:00
2018-11-03,AFC Bournemouth,Manchester United,12:30:00
2018-11-03,Cardiff City,Leicester City,15:00:00
2018-11-03,Everton,Brighton & Hove Albion,15:00:00
2018-11-03,Newcastle United,Watford,15:00:00
2018-11-03,West Ham United,Burnley,15:00:00
2018-11-03,Arsenal,Liverpool,17:30:00
2018-11-03,Wolverhampton Wanderers,Tottenham Hotspur,19:45:00
2018-11-04,Manchester City,Southampton,15:00:00
2018-11-04,Chelsea,Crystal Palace,16:00:00
2018-11-05,Huddersfield Town,Fulham,20:00:00
2018-11-10,Cardiff City,Brighton & Hove Albion,12:30:00
2018-11-10,Huddersfield Town,West Ham United,15:00:00
2018-11-10,Leicester City,Burnley,15:00:00
2018-11-10,Newcastle United,AFC Bournemouth,15:00:00
2018-11-10,Southampton,Watford,15:00:00
2018-11-10,Crystal Palace,Tottenham Hotspur,17:30:00
2018-11-11,Liverpool,Fulham,12:00:00
2018-11-11,Chelsea,Everton,14:15:00
2018-11-11,Arsenal,Wolverhampton Wanderers,16:30:00
2018-11-11,Manchester City,Manchester United,16:30:00
2018-11-24,Brighton & Hove Albion,Leicester City,15:00:00
2018-11-24,Everton,Cardiff City,15:00:00
2018-11-24,Fulham,Southampton,15:00:00
2018-11-24,Manchester United,Crystal Palace,15:00:00
2018-11-24,Watford,Liverpool,15:00:00
2018-11-24,West Ham United,Manchester City,15:00:00
2018-11-24,Tottenham Hotspur,Chelsea,17:30:00
2018-11-25,AFC Bournemouth,Arsenal,13:30:00
2018-11-25,Wolverhampton Wanderers,Huddersfield Town,16:00:00
2018-11-26,Burnley,Newcastle United,20:30:00
2018-11-30,Cardiff City,Wolverhampton Wanderers,20:00:00
2018-12-01,Crystal Palace,Burnley,15:00:00
2018-12-01,Huddersfield Town,Brighton & Hove Albion,15:00:00
2018-12-01,Leicester City,Watford,15:00:00
2018-12-01,Manchester City,AFC Bournemouth,15:00:00
2018-12-01,Newcastle United,West Ham United,15:00:00
2018-12-01,Southampton,Manchester United,17:30:00
2018-12-02,Chelsea,Fulham,12:00:00
2018-12-02,Arsenal,Tottenham Hotspur,14:05:00
2018-12-02,Liverpool,Everton,16:15:00
2018-12-04,AFC Bournemouth,Huddersfield Town,19:45:00
2018-12-04,Brighton & Hove Albion,Crystal Palace,19:45:00
2018-12-04,West Ham United,Cardiff City,19:45:00
2018-12-04,Watford,Manchester City,20:00:00
2018-12-05,Burnley,Liverpool,19:45:00
2018-12-05,Fulham,Leicester City,19:45:00
2018-12-05,Wolverhampton Wanderers,Chelsea,19:45:00
2018-12-05,Everton,Newcastle United,19:45:00
2018-12-05,Manchester United,Arsenal,20:00:00
2018-12-05,Tottenham Hotspur,Southampton,20:00:00
2018-12-08,AFC Bournemouth,Liverpool,12:30:00
2018-12-08,Arsenal,Huddersfield Town,15:00:00
2018-12-08,Burnley,Brighton & Hove Albion,15:00:00
2018-12-08,Cardiff City,Southampton,15:00:00
2018-12-08,Manchester United,Fulham,15:00:00
2018-12-08,West Ham United,Crystal Palace,15:00:00
2018-12-08,Chelsea,Manchester City,17:30:00
2018-12-08,Leicester City,Tottenham Hotspur,19:45:00
2018-12-09,Newcastle United,Wolverhampton Wanderers,16:00:00
2018-12-10,Everton,Watford,20:00:00
2018-12-15,Manchester City,Everton,12:30:00
2018-12-15,Crystal Palace,Leicester City,15:00:00
2018-12-15,Huddersfield Town,Newcastle United,15:00:00
2018-12-15,Tottenham Hotspur,Burnley,15:00:00
2018-12-15,Watford,Cardiff City,15:00:00
2018-12-15,Wolverhampton Wanderers,AFC Bournemouth,15:00:00
2018-12-15,Fulham,West Ham United,17:30:00
2018-12-16,Brighton & Hove Albion,Chelsea,13:30:00
2018-12-16,Southampton,Arsenal,13:30:00
2018-12-16,Liverpool,Manchester United,16:00:00
2018-12-21,Wolverhampton Wanderers,Liverpool,20:00:00
2018-12-22,Arsenal,Burnley,12:30:00
2018-12-22,AFC Bournemouth,Brighton & Hove Albion,15:00:00
2018-12-22,Chelsea,Leicester City,15:00:00
2018-12-22,Huddersfield Town,Southampton,15:00:00
2018-12-22,Manchester City,Crystal Palace,15:00:00
2018-12-22,Newcastle United,Fulham,15:00:00
2018-12-22,West Ham United,Watford,15:00:00
2018-12-22,Cardiff City,Manchester United,17:30:00
2018-12-23,Everton,Tottenham Hotspur,16:00:00
2018-12-26,Fulham,Wolverhampton Wanderers,12:30:00
2018-12-26,Burnley,Everton,15:00:00
2018-12-26,Crystal Palace,Cardiff City,15:00:00
2018-12-26,Leicester City,Manchester City,15:00:00
2018-12-26,Liverpool,Newcastle United,15:00:00
2018-12-26,Manchester United,Huddersfield Town,15:00:00
2018-12-26,Tottenham Hotspur,AFC Bournemouth,15:00:00
2018-12-26,Brighton & Hove Albion,Arsenal,17:15:00
2018-12-26,Watford,Chelsea,19:30:00
2018-12-27,Southampton,West Ham United,19:45:00
2018-12-29,Brighton & Hove Albion,Everton,15:00:00
2018-12-29,Fulham,Huddersfield Town,15:00:00
2018-12-29,Leicester City,Cardiff City,15:00:00
2018-12-29,Tottenham Hotspur,Wolverhampton Wanderers,15:00:00
2018-12-29,Watford,Newcastle United,15:00:00
2018-12-29,Liverpool,Arsenal,17:30:00
2018-12-30,Crystal Palace,Chelsea,12:00:00
2018-12-30,Burnley,West Ham United,14:15:00
2018-12-30,Southampton,Manchester City,14:15:00
2018-12-30,Manchester United,AFC Bournemouth,16:30:00
2019-01-01,Everton,Leicester City,12:30:00
2019-01-01,Arsenal,Fulham,15:00:00
2019-01-01,Cardiff City,Tottenham Hotspur,17:30:00
2019-01-02,AFC Bournemouth,Watford,19:45:00
2019-01-02,Chelsea,Southampton,19:45:00
2019-01-02,Huddersfield Town,Burnley,19:45:00
2019-01-02,West Ham United,Brighton & Hove Albion,19:45:00
2019-01-02,Wolverhampton Wanderers,Crystal Palace,19:45:00
2019-01-02,Newcastle United,Manchester United,20:00:00
2019-01-03,Manchester City,Liverpool,20:00:00
2019-01-12,West Ham United,Arsenal,12:30:00
2019-01-12,Brighton & Hove Albion,Liverpool,15:00:00
2019-01-12,Burnley,Fulham,15:00:00
2019-01-12,Cardiff City,Huddersfield Town,15:00:00
2019-01-12,Crystal Palace,Watford,15:00:00
2019-01-12,Leicester City,Southampton,15:00:00
2019-01-12,Chelsea,Newcastle United,17:30:00
2019-01-13,Everton,AFC Bournemouth,14:15:00
2019-01-13,Tottenham Hotspur,Manchester United,16:30:00
2019-01-14,Manchester City,Wolverhampton Wanderers,20:00:00
2019-01-19,Wolverhampton Wanderers,Leicester City,12:30:00
2019-01-19,AFC Bournemouth,West Ham United,15:00:00
2019-01-19,Liverpool,Crystal Palace,15:00:00
2019-01-19,Manchester United,Brighton & Hove Albion,15:00:00
2019-01-19,Newcastle United,Cardiff City,15:00:00
2019-01-19,Southampton,Everton,15:00:00
2019-01-19,Watford,Burnley,15:00:00
2019-01-19,Arsenal,Chelsea,17:30:00
2019-01-20,Huddersfield Town,Manchester City,13:30:00
2019-01-20,Fulham,Tottenham Hotspur,16:00:00
2019-01-29,Fulham,Brighton & Hove Albion,19:45:00
2019-01-29,Arsenal,Cardiff City,19:45:00
2019-01-29,Huddersfield Town,Everton,19:45:00
2019-01-29,Wolverhampton Wanderers,West Ham United,19:45:00
2019-01-29,Manchester United,Burnley,20:00:00
2019-01-29,Newcastle United,Manchester City,20:00:00
2019-01-30,AFC Bournemouth,Chelsea,19:45:00
2019-01-30,Southampton,Crystal Palace,19:45:00
2019-01-30,Liverpool,Leicester City,20:00:00
2019-01-30,Tottenham Hotspur,Watford,20:00:00
2019-02-02,Tottenham Hotspur,Newcastle United,12:30:00
2019-02-02,Crystal Palace,Fulham,15:00:00
2019-02-02,Burnley,Southampton,15:00:00
2019-02-02,Chelsea,Huddersfield Town,15:00:00
2019-02-02,Brighton & Hove Albion,Watford,15:00:00
2019-02-02,Everton,Wolverhampton Wanderers,15:00:00
2019-02-02,Cardiff City,AFC Bournemouth,17:30:00
2019-02-03,Leicester City,Manchester United,14:05:00
2019-02-03,Manchester City,Arsenal,16:30:00
2019-02-04,West Ham United,Liverpool,20:00:00
2019-02-09,Fulham,Manchester United,12:30:00
2019-02-09,Huddersfield Town,Arsenal,15:00:00
2019-02-09,Liverpool,AFC Bournemouth,15:00:00
2019-02-09,Southampton,Cardiff City,15:00:00
2019-02-09,Watford,Everton,15:00:00
2019-02-09,Crystal Palace,West Ham United,15:00:00
2019-02-09,Brighton & Hove Albion,Burnley,17:30:00
2019-02-10,Tottenham Hotspur,Leicester City,13:30:00
2019-02-10,Manchester City,Chelsea,16:00:00
2019-02-11,Wolverhampton Wanderers,Newcastle United,20:00:00
2019-02-06,Everton,Manchester City,19:45:00
2019-02-22,West Ham United,Fulham,19:45:00
2019-02-22,Cardiff City,Watford,19:45:00
2019-02-23,Burnley,Tottenham Hotspur,12:30:00
2019-02-23,Newcastle United,Huddersfield Town,15:00:00
2019-02-23,AFC Bournemouth,Wolverhampton Wanderers,15:00:00
2019-02-23,Leicester City,Crystal Palace,17:30:00
2019-02-24,Manchester United,Liverpool,14:05:00
2019-02-24,Arsenal,Southampton,14:05:00
2019-04-03,Chelsea,Brighton & Hove Albion,19:45:00
2019-02-26,Leicester City,Brighton & Hove Albion,19:45:00
2019-02-26,Cardiff City,Everton,19:45:00
2019-02-26,Huddersfield Town,Wolverhampton Wanderers,19:45:00
2019-02-26,Newcastle United,Burnley,20:00:00
2019-02-27,Arsenal,AFC Bournemouth,19:45:00
2019-02-27,Southampton,Fulham,19:45:00
2019-02-27,Crystal Palace,Manchester United,20:00:00
2019-02-27,Chelsea,Tottenham Hotspur,20:00:00
2019-02-27,Liverpool,Watford,20:00:00
2019-02-27,Manchester City,West Ham United,20:00:00
2019-03-02,Tottenham Hotspur,Arsenal,12:30:00
2019-03-02,Wolverhampton Wanderers,Cardiff City,15:00:00
2019-03-02,Burnley,Crystal Palace,15:00:00
2019-03-02,Brighton & Hove Albion,Huddersfield Town,15:00:00
2019-03-02,AFC Bournemouth,Manchester City,15:00:00
2019-03-02,Manchester United,Southampton,15:00:00
2019-03-02,West Ham United,Newcastle United,17:30:00
2019-03-03,Watford,Leicester City,12:00:00
2019-03-03,Fulham,Chelsea,14:05:00
2019-03-03,Everton,Liverpool,16:15:00
2019-03-09,Crystal Palace,Brighton & Hove Albion,12:30:00
2019-03-09,Huddersfield Town,AFC Bournemouth,15:00:00
2019-03-09,Leicester City,Fulham,15:00:00
2019-03-09,Cardiff City,West Ham United,15:00:00
2019-03-09,Newcastle United,Everton,15:00:00
2019-03-09,Southampton,Tottenham Hotspur,15:00:00
2019-03-09,Manchester City,Watford,17:30:00
2019-03-10,Liverpool,Burnley,12:00:00
2019-03-10,Chelsea,Wolverhampton Wanderers,14:05:00
2019-03-10,Arsenal,Manchester United,16:30:00
2019-03-16,West Ham United,Huddersfield Town,15:00:00
2019-03-16,Burnley,Leicester City,15:00:00
2019-03-16,AFC Bournemouth,Newcastle United,15:00:00
2019-03-17,Fulham,Liverpool,14:15:00
2019-03-17,Everton,Chelsea,16:30:00
2019-04-03,Tottenham Hotspur,Crystal Palace,19:45:00
2019-04-16,Brighton & Hove Albion,Cardiff City,19:45:00
2019-04-23,Watford,Southampton,19:45:00
2019-04-24,Wolverhampton Wanderers,Arsenal,19:45:00
2019-04-24,Manchester United,Manchester City,20:00:00
2019-03-30,Fulham,Manchester City,12:30:00
2019-03-30,Leicester City,AFC Bournemouth,15:00:00
2019-03-30,Crystal Palace,Huddersfield Town,15:00:00
2019-03-30,Brighton & Hove Albion,Southampton,15:00:00
2019-03-30,Manchester United,Watford,15:00:00
2019-03-30,Burnley,Wolverhampton Wanderers,15:00:00
2019-03-30,West Ham United,Everton,17:30:00
2019-03-31,Cardiff City,Chelsea,14:05:00
2019-03-31,Liverpool,Tottenham Hotspur,16:30:00
2019-04-01,Arsenal,Newcastle United,20:00:00
2019-04-02,Watford,Fulham,19:45:00
2019-04-02,Wolverhampton Wanderers,Manchester United,19:45:00
2019-04-03,Manchester City,Cardiff City,19:45:00
2019-04-05,Southampton,Liverpool,20:00:00
2019-04-06,AFC Bournemouth,Burnley,15:00:00
2019-04-06,Newcastle United,Crystal Palace,15:00:00
2019-04-06,Huddersfield Town,Leicester City,15:00:00
2019-04-07,Everton,Arsenal,14:05:00
2019-04-08,Chelsea,West Ham United,20:00:00
2019-04-23,Tottenham Hotspur,Brighton & Hove Albion,19:45:00
2019-04-12,Leicester City,Newcastle United,20:00:00
2019-04-13,Tottenham Hotspur,Huddersfield Town,12:30:00
2019-04-13,Brighton & Hove Albion,AFC Bournemouth,15:00:00
2019-04-13,Burnley,Cardiff City,15:00:00
2019-04-13,Fulham,Everton,15:00:00
2019-04-13,Southampton,Wolverhampton Wanderers,15:00:00
2019-04-13,Manchester United,West Ham United,17:30:00
2019-04-14,Crystal Palace,Manchester City,14:05:00
2019-04-14,Liverpool,Chelsea,16:30:00
2019-04-15,Watford,Arsenal,20:00:00
2019-04-20,Manchester City,Tottenham Hotspur,12:30:00
2019-04-20,AFC Bournemouth,Fulham,15:00:00
2019-04-20,Huddersfield Town,Watford,15:00:00
2019-04-20,West Ham United,Leicester City,15:00:00
2019-04-20,Wolverhampton Wanderers,Brighton & Hove Albion,15:00:00
2019-04-20,Newcastle United,Southampton,17:30:00
2019-04-21,Everton,Manchester United,13:30:00
2019-04-21,Arsenal,Crystal Palace,16:00:00
2019-04-21,Cardiff City,Liverpool,16:00:00
2019-04-22,Chelsea,Burnley,20:00:00
2019-04-26,Liverpool,Huddersfield Town,20:00:00
2019-04-27,Tottenham Hotspur,West Ham United,12:30:00
2019-04-27,Crystal Palace,Everton,15:00:00
2019-04-27,Fulham,Cardiff City,15:00:00
2019-04-27,Southampton,AFC Bournemouth,15:00:00
2019-04-27,Watford,Wolverhampton Wanderers,15:00:00
2019-04-27,Brighton & Hove Albion,Newcastle United,17:30:00
2019-04-28,Leicester City,Arsenal,12:00:00
2019-04-28,Burnley,Manchester City,14:05:00
2019-04-28,Manchester United,Chelsea,16:30:00
2019-05-03,Everton,Burnley,20:00:00
2019-05-04,AFC Bournemouth,Tottenham Hotspur,12:30:00
2019-05-04,West Ham United,Southampton,15:00:00
2019-05-04,Wolverhampton Wanderers,Fulham,15:00:00
2019-05-04,Cardiff City,Crystal Palace,17:30:00
2019-05-04,Newcastle United,Liverpool,19:45:00
2019-05-05,Chelsea,Watford,14:00:00
2019-05-05,Huddersfield Town,Manchester United,14:00:00
2019-05-05,Arsenal,Brighton & Hove Albion,16:30:00
2019-05-06,Manchester City,Leicester City,20:00:00
2019-05-12,Brighton & Hove Albion,Manchester City,15:00:00
2019-05-12,Burnley,Arsenal,15:00:00
2019-05-12,Crystal Palace,AFC Bournemouth,15:00:00
2019-05-12,Fulham,Newcastle United,15:00:00
2019-05-12,Leicester City,Chelsea,15:00:00
2019-05-12,Liverpool,Wolverhampton Wanderers,15:00:00
2019-05-12,Manchester United,Cardiff City,15:00:00
2019-05-12,Southampton,Huddersfield Town,15:00:00
2019-05-12,Tottenham Hotspur,Everton,15:00:00
2019-05-12,Watford,West Ham United,15:00:00
2022-08-05,Crystal Palace,Arsenal,20:00:00
2022-08-06,Fulham,Liverpool,12:30:00
2022-08-06,AFC Bournemouth,Aston Villa,15:00:00
2022-08-06,Leeds United,Wolverhampton Wanderers,15:00:00
2022-08-06,Newcastle United,Nottingham Forest,15:00:00
2022-08-06,Tottenham Hotspur,Southampton,15:00:00
2022-08-06,Everton,Chelsea,17:30:00
2022-08-07,Leicester City,Brentford,14:00:00
2022-08-07,Manchester United,Brighton & Hove Albion,14:00:00
2022-08-07,West Ham United,Manchester City,16:30:00
2022-08-13,Aston Villa,Everton,12:30:00
2022-08-13,Brighton & Hove Albion,Newcastle United,15:00:00
2022-08-13,Arsenal,Leicester City,15:00:00
2022-08-13,Southampton,Leeds United,15:00:00
2022-08-13,Manchester City,AFC Bournemouth,15:00:00
2022-08-13,Wolverhampton Wanderers,Fulham,15:00:00
2022-08-13,Brentford,Manchester United,17:30:00
2022-08-14,Nottingham Forest,West Ham United,14:00:00
2022-08-14,Chelsea,Tottenham Hotspur,16:30:00
2022-08-15,Liverpool,Crystal Palace,20:00:00
2022-08-20,Tottenham Hotspur,Wolverhampton Wanderers,12:30:00
2022-08-20,Crystal Palace,Aston Villa,15:00:00
2022-08-20,Everton,Nottingham Forest,15:00:00
2022-08-20,Fulham,Brentford,15:00:00
2022-08-20,Leicester City,Southampton,15:00:00
2022-08-20,AFC Bournemouth,Arsenal,17:30:00
2022-08-21,Leeds United,Chelsea,14:00:00
2022-08-21,West Ham United,Brighton & Hove Albion,14:00:00
2022-08-21,Newcastle United,Manchester City,16:30:00
2022-08-22,Manchester United,Liverpool,20:00:00
2022-08-27,Southampton,Manchester United,12:30:00
2022-08-27,Brighton & Hove Albion,Leeds United,15:00:00
2022-08-27,Brentford,Everton,15:00:00
2022-08-27,Chelsea,Leicester City,15:00:00
2022-08-27,Liverpool,AFC Bournemouth,15:00:00
2022-08-27,Manchester City,Crystal Palace,15:00:00
2022-08-27,Arsenal,Fulham,17:30:00
2022-08-28,Aston Villa,West Ham United,14:00:00
2022-08-28,Wolverhampton Wanderers,Newcastle United,14:00:00
2022-08-28,Nottingham Forest,Tottenham Hotspur,16:30:00
2022-08-30,Fulham,Brighton & Hove Albion,19:30:00
2022-08-30,Crystal Palace,Brentford,19:30:00
2022-08-30,Southampton,Chelsea,19:45:00
2022-08-30,Leeds United,Everton,20:00:00
2022-08-31,AFC Bournemouth,Wolverhampton Wanderers,19:30:00
2022-08-31,Arsenal,Aston Villa,19:30:00
2022-08-31,Manchester City,Nottingham Forest,19:30:00
2022-08-31,West Ham United,Tottenham Hotspur,19:45:00
2022-08-31,Liverpool,Newcastle United,20:00:00
2022-09-01,Leicester City,Manchester United,20:00:00
2022-09-03,Everton,Liverpool,12:30:00
2022-09-03,Brentford,Leeds United,15:00:00
2022-09-03,Chelsea,West Ham United,15:00:00
2022-09-03,Newcastle United,Crystal Palace,15:00:00
2022-09-03,Nottingham Forest,AFC Bournemouth,15:00:00
2022-09-03,Tottenham Hotspur,Fulham,15:00:00
2022-09-03,Wolverhampton Wanderers,Southampton,15:00:00
2022-09-03,Aston Villa,Manchester City,17:30:00
2022-09-04,Brighton & Hove Albion,Leicester City,14:00:00
2022-09-04,Manchester United,Arsenal,16:30:00
2023-01-12,Fulham,Chelsea,20:00:00
2023-01-18,Crystal Palace,Manchester United,20:00:00
2023-01-19,Manchester City,Tottenham Hotspur,20:00:00
2023-03-01,Arsenal,Everton,19:45:00
2023-03-01,Liverpool,Wolverhampton Wanderers,20:00:00
2023-03-15,Southampton,Brentford,19:30:00
2023-04-04,AFC Bournemouth,Brighton & Hove Albion,19:45:00
2023-04-04,Leeds United,Nottingham Forest,19:45:00
2023-04-04,Leicester City,Aston Villa,19:45:00
2023-04-05,West Ham United,Newcastle United,20:00:00
2022-09-16,Aston Villa,Southampton,20:00:00
2022-09-16,Nottingham Forest,Fulham,20:00:00
2022-09-17,Wolverhampton Wanderers,Manchester City,12:30:00
2022-09-17,Newcastle United,AFC Bournemouth,15:00:00
2022-09-17,Tottenham Hotspur,Leicester City,17:30:00
2022-09-18,Brentford,Arsenal,12:00:00
2022-09-18,Everton,West Ham United,14:15:00
2023-02-08,Manchester United,Leeds United,20:00:00
2023-03-15,Brighton & Hove Albion,Crystal Palace,19:30:00
2023-04-04,Chelsea,Liverpool,20:00:00
2022-10-01,Arsenal,Tottenham Hotspur,12:30:00
2022-10-01,AFC Bournemouth,Brentford,15:00:00
2022-10-01,Crystal Palace,Chelsea,15:00:00
2022-10-01,Fulham,Newcastle United,15:00:00
2022-10-01,Liverpool,Brighton & Hove Albion,15:00:00
2022-10-01,Southampton,Everton,15:00:00
2022-10-01,West Ham United,Wolverhampton Wanderers,17:30:00
2022-10-02,Manchester City,Manchester United,14:00:00
2022-10-02,Leeds United,Aston Villa,16:30:00
2022-10-03,Leicester City,Nottingham Forest,20:00:00
2022-10-08,AFC Bournemouth,Leicester City,15:00:00
2022-10-08,Chelsea,Wolverhampton Wanderers,15:00:00
2022-10-08,Manchester City,Southampton,15:00:00
2022-10-08,Newcastle United,Brentford,15:00:00
2022-10-08,Brighton & Hove Albion,Tottenham Hotspur,17:30:00
2022-10-09,Crystal Palace,Leeds United,14:00:00
2022-10-09,West Ham United,Fulham,14:00:00
2022-10-09,Arsenal,Liverpool,16:30:00
2022-10-09,Everton,Manchester United,19:00:00
2022-10-10,Nottingham Forest,Aston Villa,20:00:00
2022-10-14,Brentford,Brighton & Hove Albion,20:00:00
2022-10-15,Leicester City,Crystal Palace,12:30:00
2022-10-15,Fulham,AFC Bournemouth,15:00:00
2022-10-15,Wolverhampton Wanderers,Nottingham Forest,15:00:00
2022-10-15,Tottenham Hotspur,Everton,17:30:00
2022-10-16,Aston Villa,Chelsea,14:00:00
2022-10-16,Southampton,West Ham United,14:00:00
2022-10-16,Leeds United,Arsenal,14:00:00
2022-10-16,Manchester United,Newcastle United,14:00:00
2022-10-16,Liverpool,Manchester City,16:30:00
2022-10-18,Brighton & Hove Albion,Nottingham Forest,19:30:00
2022-10-18,Crystal Palace,Wolverhampton Wanderers,20:15:00
2022-10-19,AFC Bournemouth,Southampton,19:30:00
2022-10-19,Brentford,Chelsea,19:30:00
2022-10-19,Newcastle United,Everton,19:30:00
2022-10-19,Liverpool,West Ham United,19:30:00
2022-10-19,Manchester United,Tottenham Hotspur,20:15:00
2022-10-20,Fulham,Aston Villa,19:30:00
2022-10-20,Leicester City,Leeds United,20:15:00
2023-02-15,Arsenal,Manchester City,19:30:00
2022-10-22,Nottingham Forest,Liverpool,12:30:00
2022-10-22,Everton,Crystal Palace,15:00:00
2022-10-22,Manchester City,Brighton & Hove Albion,15:00:00
2022-10-22,Chelsea,Manchester United,17:30:00
2022-10-23,Aston Villa,Brentford,14:00:00
2022-10-23,Southampton,Arsenal,14:00:00
2022-10-23,Leeds United,Fulham,14:00:00
2022-10-23,Wolverhampton Wanderers,Leicester City,14:00:00
2022-10-23,Tottenham Hotspur,Newcastle United,16:30:00
2022-10-24,West Ham United,AFC Bournemouth,20:00:00
2022-10-29,Leicester City,Manchester City,12:30:00
2022-10-29,AFC Bournemouth,Tottenham Hotspur,15:00:00
2022-10-29,Brighton & Hove Albion,Chelsea,15:00:00
2022-10-29,Crystal Palace,Southampton,15:00:00
2022-10-29,Brentford,Wolverhampton Wanderers,15:00:00
2022-10-29,Newcastle United,Aston Villa,15:00:00
2022-10-29,Fulham,Everton,17:30:00
2022-10-29,Liverpool,Leeds United,19:45:00
2022-10-30,Arsenal,Nottingham Forest,14:00:00
2022-10-30,Manchester United,West Ham United,16:15:00
2022-11-05,Leeds United,AFC Bournemouth,15:00:00
2022-11-05,Manchester City,Fulham,15:00:00
2022-11-05,Nottingham Forest,Brentford,15:00:00
2022-11-05,Wolverhampton Wanderers,Brighton & Hove Albion,15:00:00
2022-11-05,Everton,Leicester City,17:30:00
2022-11-06,Chelsea,Arsenal,12:00:00
2022-11-06,Aston Villa,Manchester United,14:00:00
2022-11-06,Southampton,Newcastle United,14:00:00
2022-11-06,West Ham United,Crystal Palace,14:00:00
2022-11-06,Tottenham Hotspur,Liverpool,16:30:00
2022-11-12,Manchester City,Brentford,12:30:00
2022-11-12,AFC Bournemouth,Everton,15:00:00
2022-11-12,Liverpool,Southampton,15:00:00
2022-11-12,Nottingham Forest,Crystal Palace,15:00:00
2022-11-12,Tottenham Hotspur,Leeds United,15:00:00
2022-11-12,West Ham United,Leicester City,15:00:00
2022-11-12,Newcastle United,Chelsea,17:30:00
2022-11-12,Wolverhampton Wanderers,Arsenal,19:45:00
2022-11-13,Brighton & Hove Albion,Aston Villa,14:00:00
2022-11-13,Fulham,Manchester United,16:30:00
2022-12-26,Brentford,Tottenham Hotspur,12:30:00
2022-12-26,Crystal Palace,Fulham,15:00:00
2022-12-26,Everton,Wolverhampton Wanderers,15:00:00
2022-12-26,Southampton,Brighton & Hove Albion,15:00:00
2022-12-26,Leicester City,Newcastle United,15:00:00
2022-12-26,Aston Villa,Liverpool,17:30:00
2022-12-26,Arsenal,West Ham United,20:00:00
2022-12-27,Chelsea,AFC Bournemouth,17:30:00
2022-12-27,Manchester United,Nottingham Forest,20:00:00
2022-12-28,Leeds United,Manchester City,20:00:00
2022-12-30,West Ham United,Brentford,19:45:00
2022-12-30,Liverpool,Leicester City,20:00:00
2022-12-31,Wolverhampton Wanderers,Manchester United,12:30:00
2022-12-31,AFC Bournemouth,Crystal Palace,15:00:00
2022-12-31,Fulham,Southampton,15:00:00
2022-12-31,Manchester City,Everton,15:00:00
2022-12-31,Newcastle United,Leeds United,15:00:00
2022-12-31,Brighton & Hove Albion,Arsenal,17:30:00
2023-01-01,Tottenham Hotspur,Aston Villa,14:00:00
2023-01-01,Nottingham Forest,Chelsea,16:30:00
2023-01-02,Brentford,Liverpool,17:30:00
2023-01-03,Arsenal,Newcastle United,19:45:00
2023-01-03,Everton,Brighton & Hove Albion,19:45:00
2023-01-03,Leicester City,Fulham,19:45:00
2023-01-03,Manchester United,AFC Bournemouth,20:00:00
2023-01-04,Southampton,Nottingham Forest,19:30:00
2023-01-04,Leeds United,West Ham United,19:45:00
2023-01-04,Aston Villa,Wolverhampton Wanderers,20:00:00
2023-01-04,Crystal Palace,Tottenham Hotspur,20:00:00
2023-01-05,Chelsea,Manchester City,20:00:00
2023-01-13,Aston Villa,Leeds United,20:00:00
2023-01-14,Manchester United,Manchester City,12:30:00
2023-01-14,Brighton & Hove Albion,Liverpool,15:00:00
2023-01-14,Everton,Southampton,15:00:00
2023-01-14,Nottingham Forest,Leicester City,15:00:00
2023-01-14,Wolverhampton Wanderers,West Ham United,15:00:00
2023-01-14,Brentford,AFC Bournemouth,17:30:00
2023-01-15,Chelsea,Crystal Palace,14:00:00
2023-01-15,Newcastle United,Fulham,14:00:00
2023-01-15,Tottenham Hotspur,Arsenal,16:30:00
2023-01-21,Liverpool,Chelsea,12:30:00
2023-01-21,AFC Bournemouth,Nottingham Forest,15:00:00
2023-01-21,Southampton,Aston Villa,15:00:00
2023-01-21,Leicester City,Brighton & Hove Albion,15:00:00
2023-01-21,West Ham United,Everton,15:00:00
2023-01-21,Crystal Palace,Newcastle United,17:30:00
2023-01-22,Leeds United,Brentford,14:00:00
2023-01-22,Manchester City,Wolverhampton Wanderers,14:00:00
2023-01-22,Arsenal,Manchester United,16:30:00
2023-01-23,Fulham,Tottenham Hotspur,20:00:00
2023-02-03,Chelsea,Fulham,20:00:00
2023-02-04,Everton,Arsenal,12:30:00
2023-02-04,Aston Villa,Leicester City,15:00:00
2023-02-04,Brighton & Hove Albion,AFC Bournemouth,15:00:00
2023-02-04,Brentford,Southampton,15:00:00
2023-02-04,Manchester United,Crystal Palace,15:00:00
2023-02-04,Wolverhampton Wanderers,Liverpool,15:00:00
2023-02-04,Newcastle United,West Ham United,17:30:00
2023-02-05,Nottingham Forest,Leeds United,14:00:00
2023-02-05,Tottenham Hotspur,Manchester City,16:30:00
2023-02-11,West Ham United,Chelsea,12:30:00
2023-02-11,Crystal Palace,Brighton & Hove Albion,15:00:00
2023-02-11,Arsenal,Brentford,15:00:00
2023-02-11,Fulham,Nottingham Forest,15:00:00
2023-02-11,Southampton,Wolverhampton Wanderers,15:00:00
2023-02-11,Leicester City,Tottenham Hotspur,15:00:00
2023-02-11,AFC Bournemouth,Newcastle United,17:30:00
2023-02-12,Leeds United,Manchester United,14:00:00
2023-02-12,Manchester City,Aston Villa,16:30:00
2023-02-13,Liverpool,Everton,20:00:00
2023-02-18,Aston Villa,Arsenal,12:30:00
2023-02-18,Brighton & Hove Albion,Fulham,15:00:00
2023-02-18,Brentford,Crystal Palace,15:00:00
2023-02-18,Chelsea,Southampton,15:00:00
2023-02-18,Everton,Leeds United,15:00:00
2023-02-18,Nottingham Forest,Manchester City,15:00:00
2023-02-18,Wolverhampton Wanderers,AFC Bournemouth,15:00:00
2023-02-18,Newcastle United,Liverpool,17:30:00
2023-02-19,Manchester United,Leicester City,14:00:00
2023-02-19,Tottenham Hotspur,West Ham United,16:30:00
2023-02-24,Fulham,Wolverhampton Wanderers,20:00:00
2023-02-25,Everton,Aston Villa,15:00:00
2023-02-25,Leeds United,Southampton,15:00:00
2023-02-25,Leicester City,Arsenal,15:00:00
2023-02-25,West Ham United,Nottingham Forest,15:00:00
2023-02-25,AFC Bournemouth,Manchester City,17:30:00
2023-02-25,Crystal Palace,Liverpool,19:45:00
2023-02-26,Tottenham Hotspur,Chelsea,13:30:00
2023-04-05,Manchester United,Brentford,20:00:00
2023-05-18,Newcastle United,Brighton & Hove Albion,19:30:00
2023-03-04,Manchester City,Newcastle United,12:30:00
2023-03-04,Aston Villa,Crystal Palace,15:00:00
2023-03-04,Brighton & Hove Albion,West Ham United,15:00:00
2023-03-04,Arsenal,AFC Bournemouth,15:00:00
2023-03-04,Chelsea,Leeds United,15:00:00
2023-03-04,Wolverhampton Wanderers,Tottenham Hotspur,15:00:00
2023-03-04,Southampton,Leicester City,17:30:00
2023-03-05,Nottingham Forest,Everton,14:00:00
2023-03-05,Liverpool,Manchester United,16:30:00
2023-03-06,Brentford,Fulham,20:00:00
2023-03-11,AFC Bournemouth,Liverpool,12:30:00
2023-03-11,Everton,Brentford,15:00:00
2023-03-11,Leeds United,Brighton & Hove Albion,15:00:00
2023-03-11,Leicester City,Chelsea,15:00:00
2023-03-11,Tottenham Hotspur,Nottingham Forest,15:00:00
2023-03-11,Crystal Palace,Manchester City,17:30:00
2023-03-12,Fulham,Arsenal,14:00:00
2023-03-12,Manchester United,Southampton,14:00:00
2023-03-12,West Ham United,Aston Villa,14:00:00
2023-03-12,Newcastle United,Wolverhampton Wanderers,16:30:00
2023-03-17,Nottingham Forest,Newcastle United,20:00:00
2023-03-18,Aston Villa,AFC Bournemouth,15:00:00
2023-03-18,Brentford,Leicester City,15:00:00
2023-03-18,Southampton,Tottenham Hotspur,15:00:00
2023-03-18,Wolverhampton Wanderers,Leeds United,15:00:00
2023-03-18,Chelsea,Everton,17:30:00
2023-03-19,Arsenal,Crystal Palace,14:00:00
2023-05-03,Liverpool,Fulham,20:00:00
2023-05-03,Manchester City,West Ham United,20:00:00
2023-05-04,Brighton & Hove Albion,Manchester United,20:00:00
2023-04-01,Manchester City,Liverpool,12:30:00
2023-04-01,AFC Bournemouth,Fulham,15:00:00
2023-04-01,Brighton & Hove Albion,Brentford,15:00:00
2023-04-01,Crystal Palace,Leicester City,15:00:00
2023-04-01,Arsenal,Leeds United,15:00:00
2023-04-01,Nottingham Forest,Wolverhampton Wanderers,15:00:00
2023-04-01,Chelsea,Aston Villa,17:30:00
2023-04-02,West Ham United,Southampton,14:00:00
2023-04-02,Newcastle United,Manchester United,16:30:00
2023-04-03,Everton,Tottenham Hotspur,20:00:00
2023-04-08,Manchester United,Everton,12:30:00
2023-04-08,Aston Villa,Nottingham Forest,15:00:00
2023-04-08,Brentford,Newcastle United,15:00:00
2023-04-08,Fulham,West Ham United,15:00:00
2023-04-08,Leicester City,AFC Bournemouth,15:00:00
2023-04-08,Tottenham Hotspur,Brighton & Hove Albion,15:00:00
2023-04-08,Wolverhampton Wanderers,Chelsea,15:00:00
2023-04-08,Southampton,Manchester City,17:30:00
2023-04-09,Leeds United,Crystal Palace,14:00:00
2023-04-09,Liverpool,Arsenal,16:30:00
2023-04-15,Aston Villa,Newcastle United,12:30:00
2023-04-15,Chelsea,Brighton & Hove Albion,15:00:00
2023-04-15,Everton,Fulham,15:00:00
2023-04-15,Southampton,Crystal Palace,15:00:00
2023-04-15,Wolverhampton Wanderers,Brentford,15:00:00
2023-04-15,Tottenham Hotspur,AFC Bournemouth,15:15:00
2023-04-15,Manchester City,Leicester City,17:30:00
2023-04-16,West Ham United,Arsenal,14:00:00
2023-04-16,Nottingham Forest,Manchester United,16:30:00
2023-04-17,Leeds United,Liverpool,20:00:00
2023-04-21,Arsenal,Southampton,20:00:00
2023-04-22,Fulham,Leeds United,12:30:00
2023-04-22,Crystal Palace,Everton,15:00:00
2023-04-22,Brentford,Aston Villa,15:00:00
2023-04-22,Liverpool,Nottingham Forest,15:00:00
2023-04-22,Leicester City,Wolverhampton Wanderers,15:00:00
2023-04-23,AFC Bournemouth,West Ham United,14:00:00
2023-04-23,Newcastle United,Tottenham Hotspur,14:00:00
2023-05-24,Brighton & Hove Albion,Manchester City,20:00:00
2023-05-25,Manchester United,Chelsea,20:00:00
2023-04-25,Wolverhampton Wanderers,Crystal Palace,19:30:00
2023-04-25,Aston Villa,Fulham,19:45:00
2023-04-25,Leeds United,Leicester City,20:00:00
2023-04-26,Nottingham Forest,Brighton & Hove Albion,19:30:00
2023-04-26,West Ham United,Liverpool,19:45:00
2023-04-26,Chelsea,Brentford,19:45:00
2023-04-26,Manchester City,Arsenal,20:00:00
2023-04-27,Everton,Newcastle United,19:45:00
2023-04-27,Southampton,AFC Bournemouth,19:45:00
2023-04-27,Tottenham Hotspur,Manchester United,20:15:00
2023-04-29,Crystal Palace,West Ham United,12:30:00
2023-04-29,Brighton & Hove Albion,Wolverhampton Wanderers,15:00:00
2023-04-29,Brentford,Nottingham Forest,15:00:00
2023-04-30,AFC Bournemouth,Leeds United,14:00:00
2023-04-30,Fulham,Manchester City,14:00:00
2023-04-30,Manchester United,Aston Villa,14:00:00
2023-04-30,Newcastle United,Southampton,14:00:00
2023-04-30,Liverpool,Tottenham Hotspur,16:30:00
2023-05-01,Leicester City,Everton,20:00:00
2023-05-02,Arsenal,Chelsea,20:00:00
2023-05-06,AFC Bournemouth,Chelsea,15:00:00
2023-05-06,Manchester City,Leeds United,15:00:00
2023-05-06,Tottenham Hotspur,Crystal Palace,15:00:00
2023-05-06,Wolverhampton Wanderers,Aston Villa,15:00:00
2023-05-06,Liverpool,Brentford,17:30:00
2023-05-07,Newcastle United,Arsenal,16:30:00
2023-05-07,West Ham United,Manchester United,19:00:00
2023-05-08,Fulham,Leicester City,15:00:00
2023-05-08,Brighton & Hove Albion,Everton,17:30:00
2023-05-08,Nottingham Forest,Southampton,20:00:00
2023-05-13,Leeds United,Newcastle United,12:30:00
2023-05-13,Aston Villa,Tottenham Hotspur,15:00:00
2023-05-13,Crystal Palace,AFC Bournemouth,15:00:00
2023-05-13,Chelsea,Nottingham Forest,15:00:00
2023-05-13,Southampton,Fulham,15:00:00
2023-05-13,Manchester United,Wolverhampton Wanderers,15:00:00
2023-05-14,Brentford,West Ham United,14:00:00
2023-05-14,Everton,Manchester City,14:00:00
2023-05-14,Arsenal,Brighton & Hove Albion,16:30:00
2023-05-15,Leicester City,Liverpool,20:00:00
2023-05-20,Tottenham Hotspur,Brentford,12:30:00
2023-05-20,AFC Bournemouth,Manchester United,15:00:00
2023-05-20,Fulham,Crystal Palace,15:00:00
2023-05-20,Liverpool,Aston Villa,15:00:00
2023-05-20,Wolverhampton Wanderers,Everton,15:00:00
2023-05-20,Nottingham Forest,Arsenal,17:30:00
2023-05-21,West Ham United,Leeds United,13:30:00
2023-05-21,Brighton & Hove Albion,Southampton,14:00:00
2023-05-21,Manchester City,Chelsea,16:00:00
2023-05-22,Newcastle United,Leicester City,20:00:00
2023-05-28,Aston Villa,Brighton & Hove Albion,16:30:00
2023-05-28,Crystal Palace,Nottingham Forest,16:30:00
2023-05-28,Arsenal,Wolverhampton Wanderers,16:30:00
2023-05-28,Brentford,Manchester City,16:30:00
2023-05-28,Chelsea,Newcastle United,16:30:00
2023-05-28,Everton,AFC Bournemouth,16:30:00
2023-05-28,Southampton,Liverpool,16:30:00
2023-05-28,Leeds United,Tottenham Hotspur,16:30:00
2023-05-28,Leicester City,West Ham United,16:30:00
2023-05-28,Manchester United,Fulham,16:30:00
2023-08-11,Burnley,Manchester City,20:00:00
2023-08-12,Arsenal,Nottingham Forest,13:00:00
2023-08-12,AFC Bournemouth,West Ham United,15:00:00
2023-08-12,Brighton & Hove Albion,Luton Town,15:00:00
2023-08-12,Everton,Fulham,15:00:00
2023-08-12,Sheffield United,Crystal Palace,15:00:00
2023-08-12,Newcastle United,Aston Villa,17:30:00
2023-08-13,Brentford,Tottenham Hotspur,14:00:00
2023-08-13,Chelsea,Liverpool,16:30:00
2023-08-14,Manchester United,Wolverhampton Wanderers,20:00:00
2023-08-18,Nottingham Forest,Sheffield United,19:45:00
2023-08-19,Fulham,Brentford,15:00:00
2023-08-19,Liverpool,AFC Bournemouth,15:00:00
2023-08-19,Wolverhampton Wanderers,Brighton & Hove Albion,15:00:00
2023-08-19,Tottenham Hotspur,Manchester United,17:30:00
2023-08-19,Manchester City,Newcastle United,20:00:00
2023-08-20,Aston Villa,Everton,14:00:00
2023-08-20,West Ham United,Chelsea,16:30:00
2023-08-21,Crystal Palace,Arsenal,20:00:00
2023-10-03,Luton Town,Burnley,19:30:00
2023-08-25,Chelsea,Luton Town,20:00:00
2023-08-26,AFC Bournemouth,Tottenham Hotspur,12:30:00
2023-08-26,Arsenal,Fulham,15:00:00
2023-08-26,Brentford,Crystal Palace,15:00:00
2023-08-26,Everton,Wolverhampton Wanderers,15:00:00
2023-08-26,Manchester United,Nottingham Forest,15:00:00
2023-08-26,Brighton & Hove Albion,West Ham United,17:30:00
2023-08-27,Burnley,Aston Villa,14:00:00
2023-08-27,Sheffield United,Manchester City,14:00:00
2023-08-27,Newcastle United,Liverpool,16:30:00
2023-09-01,Luton Town,West Ham United,20:00:00
2023-09-02,Sheffield United,Everton,12:30:00
2023-09-02,Brentford,AFC Bournemouth,15:00:00
2023-09-02,Burnley,Tottenham Hotspur,15:00:00
2023-09-02,Chelsea,Nottingham Forest,15:00:00
2023-09-02,Manchester City,Fulham,15:00:00
2023-09-02,Brighton & Hove Albion,Newcastle United,17:30:00
2023-09-03,Crystal Palace,Wolverhampton Wanderers,14:00:00
2023-09-03,Liverpool,Aston Villa,14:00:00
2023-09-03,Arsenal,Manchester United,16:30:00
2023-09-16,Wolverhampton Wanderers,Liverpool,12:30:00
2023-09-16,Aston Villa,Crystal Palace,15:00:00
2023-09-16,Fulham,Luton Town,15:00:00
2023-09-16,Manchester United,Brighton & Hove Albion,15:00:00
2023-09-16,Tottenham Hotspur,Sheffield United,15:00:00
2023-09-16,West Ham United,Manchester City,15:00:00
2023-09-16,Newcastle United,Brentford,17:30:00
2023-09-17,AFC Bournemouth,Chelsea,14:00:00
2023-09-17,Everton,Arsenal,16:30:00
2023-09-18,Nottingham Forest,Burnley,19:45:00
2023-09-23,Crystal Palace,Fulham,15:00:00
2023-09-23,Luton Town,Wolverhampton Wanderers,15:00:00
2023-09-23,Manchester City,Nottingham Forest,15:00:00
2023-09-23,Brentford,Everton,17:30:00
2023-09-23,Burnley,Manchester United,20:00:00
2023-09-24,Arsenal,Tottenham Hotspur,14:00:00
2023-09-24,Brighton & Hove Albion,AFC Bournemouth,14:00:00
2023-09-24,Chelsea,Aston Villa,14:00:00
2023-09-24,Liverpool,West Ham United,14:00:00
2023-09-24,Sheffield United,Newcastle United,16:30:00
2023-09-30,Aston Villa,Brighton & Hove Albion,12:30:00
2023-09-30,AFC Bournemouth,Arsenal,15:00:00
2023-09-30,Everton,Luton Town,15:00:00
2023-09-30,Manchester United,Crystal Palace,15:00:00
2023-09-30,Newcastle United,Burnley,15:00:00
2023-09-30,West Ham United,Sheffield United,15:00:00
2023-09-30,Wolverhampton Wanderers,Manchester City,15:00:00
2023-09-30,Tottenham Hotspur,Liverpool,17:30:00
2023-10-01,Nottingham Forest,Brentford,14:00:00
2023-10-02,Fulham,Chelsea,20:00:00
2023-10-07,Luton Town,Tottenham Hotspur,12:30:00
2023-10-07,Burnley,Chelsea,15:00:00
2023-10-07,Everton,AFC Bournemouth,15:00:00
2023-10-07,Fulham,Sheffield United,15:00:00
2023-10-07,Manchester United,Brentford,15:00:00
2023-10-07,Crystal Palace,Nottingham Forest,17:30:00
2023-10-08,Brighton & Hove Albion,Liverpool,14:00:00
2023-10-08,West Ham United,Newcastle United,14:00:00
2023-10-08,Wolverhampton Wanderers,Aston Villa,14:00:00
2023-10-08,Arsenal,Manchester City,16:30:00
2023-10-21,Liverpool,Everton,12:30:00
2023-10-21,AFC Bournemouth,Wolverhampton Wanderers,15:00:00
2023-10-21,Brentford,Burnley,15:00:00
2023-10-21,Manchester City,Brighton & Hove Albion,15:00:00
2023-10-21,Newcastle United,Crystal Palace,15:00:00
2023-10-21,Nottingham Forest,Luton Town,15:00:00
2023-10-21,Chelsea,Arsenal,17:30:00
2023-10-21,Sheffield United,Manchester United,20:00:00
2023-10-22,Aston Villa,West Ham United,16:30:00
2023-10-23,Tottenham Hotspur,Fulham,20:00:00
2023-10-27,Crystal Palace,Tottenham Hotspur,20:00:00
2023-10-28,Chelsea,Brentford,12:30:00
2023-10-28,AFC Bournemouth,Burnley,15:00:00
2023-10-28,Arsenal,Sheffield United,15:00:00
2023-10-28,Wolverhampton Wanderers,Newcastle United,17:30:00
2023-10-29,West Ham United,Everton,13:00:00
2023-10-29,Aston Villa,Luton Town,14:00:00
2023-10-29,Brighton & Hove Albion,Fulham,14:00:00
2023-10-29,Liverpool,Nottingham Forest,14:00:00
2023-10-29,Manchester United,Manchester City,15:30:00
2023-11-04,Fulham,Manchester United,12:30:00
2023-11-04,Brentford,West Ham United,15:00:00
2023-11-04,Burnley,Crystal Palace,15:00:00
2023-11-04,Everton,Brighton & Hove Albion,15:00:00
2023-11-04,Manchester City,AFC Bournemouth,15:00:00
2023-11-04,Sheffield United,Wolverhampton Wanderers,15:00:00
2023-11-04,Newcastle United,Arsenal,17:30:00
2023-11-05,Nottingham Forest,Aston Villa,14:00:00
2023-11-05,Luton Town,Liverpool,16:30:00
2023-11-06,Tottenham Hotspur,Chelsea,20:00:00
2023-11-11,Wolverhampton Wanderers,Tottenham Hotspur,12:30:00
2023-11-11,Arsenal,Burnley,15:00:00
2023-11-11,Crystal Palace,Everton,15:00:00
2023-11-11,Manchester United,Luton Town,15:00:00
2023-11-11,AFC Bournemouth,Newcastle United,17:30:00
2023-11-12,Aston Villa,Fulham,14:00:00
2023-11-12,Brighton & Hove Albion,Sheffield United,14:00:00
2023-11-12,Liverpool,Brentford,14:00:00
2023-11-12,West Ham United,Nottingham Forest,14:00:00
2023-11-12,Chelsea,Manchester City,16:30:00
2023-11-25,Manchester City,Liverpool,12:30:00
2023-11-25,Burnley,West Ham United,15:00:00
2023-11-25,Luton Town,Crystal Palace,15:00:00
2023-11-25,Newcastle United,Chelsea,15:00:00
2023-11-25,Nottingham Forest,Brighton & Hove Albion,15:00:00
2023-11-25,Sheffield United,AFC Bournemouth,15:00:00
2023-11-25,Brentford,Arsenal,17:30:00
2023-11-26,Tottenham Hotspur,Aston Villa,14:00:00
2023-11-26,Everton,Manchester United,16:30:00
2023-11-27,Fulham,Wolverhampton Wanderers,20:00:00
2023-12-02,Arsenal,Wolverhampton Wanderers,15:00:00
2023-12-02,Brentford,Luton Town,15:00:00
2023-12-02,Burnley,Sheffield United,15:00:00
2023-12-02,Nottingham Forest,Everton,17:30:00
2023-12-02,Newcastle United,Manchester United,20:00:00
2023-12-03,AFC Bournemouth,Aston Villa,14:00:00
2023-12-03,Chelsea,Brighton & Hove Albion,14:00:00
2023-12-03,Liverpool,Fulham,14:00:00
2023-12-03,West Ham United,Crystal Palace,14:00:00
2023-12-03,Manchester City,Tottenham Hotspur,16:30:00
2023-12-05,Wolverhampton Wanderers,Burnley,19:30:00
2023-12-05,Luton Town,Arsenal,20:15:00
2023-12-06,Brighton & Hove Albion,Brentford,19:30:00
2023-12-06,Fulham,Nottingham Forest,19:30:00
2023-12-06,Sheffield United,Liverpool,19:30:00
2023-12-06,Crystal Palace,AFC Bournemouth,19:30:00
2023-12-06,Aston Villa,Manchester City,20:15:00
2023-12-06,Manchester United,Chelsea,20:15:00
2023-12-07,Everton,Newcastle United,19:30:00
2023-12-07,Tottenham Hotspur,West Ham United,20:15:00
2023-12-09,Crystal Palace,Liverpool,12:30:00
2023-12-09,Brighton & Hove Albion,Burnley,15:00:00
2023-12-09,Manchester United,AFC Bournemouth,15:00:00
2023-12-09,Sheffield United,Brentford,15:00:00
2023-12-09,Wolverhampton Wanderers,Nottingham Forest,15:00:00
2023-12-09,Aston Villa,Arsenal,17:30:00
2023-12-10,Everton,Chelsea,14:00:00
2023-12-10,Fulham,West Ham United,14:00:00
2023-12-10,Luton Town,Manchester City,14:00:00
2023-12-10,Tottenham Hotspur,Newcastle United,16:30:00
2023-12-15,Nottingham Forest,Tottenham Hotspur,20:00:00
2023-12-16,Chelsea,Sheffield United,15:00:00
2023-12-16,Manchester City,Crystal Palace,15:00:00
2023-12-16,Newcastle United,Fulham,15:00:00
2023-12-16,Burnley,Everton,17:30:00
2023-12-17,Arsenal,Brighton & Hove Albion,14:00:00
2023-12-17,Brentford,Aston Villa,14:00:00
2023-12-17,West Ham United,Wolverhampton Wanderers,14:00:00
2023-12-17,Liverpool,Manchester United,16:30:00
2024-03-13,AFC Bournemouth,Luton Town,19:30:00
2023-12-21,Crystal Palace,Brighton & Hove Albion,20:00:00
2023-12-22,Aston Villa,Sheffield United,20:00:00
2023-12-23,West Ham United,Manchester United,12:30:00
2023-12-23,Fulham,Burnley,15:00:00
2023-12-23,Luton Town,Newcastle United,15:00:00
2023-12-23,Nottingham Forest,AFC Bournemouth,15:00:00
2023-12-23,Tottenham Hotspur,Everton,15:00:00
2023-12-23,Liverpool,Arsenal,17:30:00
2023-12-24,Wolverhampton Wanderers,Chelsea,13:00:00
2024-02-20,Manchester City,Brentford,19:30:00
2023-12-26,Newcastle United,Nottingham Forest,12:30:00
2023-12-26,AFC Bournemouth,Fulham,15:00:00
2023-12-26,Sheffield United,Luton Town,15:00:00
2023-12-26,Burnley,Liverpool,17:30:00
2023-12-26,Manchester United,Aston Villa,20:00:00
2023-12-27,Brentford,Wolverhampton Wanderers,19:30:00
2023-12-27,Chelsea,Crystal Palace,19:30:00
2023-12-27,Everton,Manchester City,20:15:00
2023-12-28,Brighton & Hove Albion,Tottenham Hotspur,19:30:00
2023-12-28,Arsenal,West Ham United,20:15:00
2023-12-30,Luton Town,Chelsea,12:30:00
2023-12-30,Aston Villa,Burnley,15:00:00
2023-12-30,Crystal Palace,Brentford,15:00:00
2023-12-30,Manchester City,Sheffield United,15:00:00
2023-12-30,Wolverhampton Wanderers,Everton,15:00:00
2023-12-30,Nottingham Forest,Manchester United,17:30:00
2023-12-31,Fulham,Arsenal,14:00:00
2023-12-31,Tottenham Hotspur,AFC Bournemouth,14:00:00
2024-01-01,Liverpool,Newcastle United,20:00:00
2024-01-02,West Ham United,Brighton & Hove Albion,19:30:00
2024-01-12,Burnley,Luton Town,19:45:00
2024-01-13,Chelsea,Fulham,12:30:00
2024-01-13,Newcastle United,Manchester City,17:30:00
2024-01-14,Everton,Aston Villa,14:00:00
2024-01-14,Manchester United,Tottenham Hotspur,16:30:00
2024-01-20,Arsenal,Crystal Palace,12:30:00
2024-01-20,Brentford,Nottingham Forest,17:30:00
2024-01-21,Sheffield United,West Ham United,14:00:00
2024-01-21,AFC Bournemouth,Liverpool,16:30:00
2024-01-22,Brighton & Hove Albion,Wolverhampton Wanderers,19:45:00
2024-01-30,Nottingham Forest,Arsenal,19:30:00
2024-01-30,Luton Town,Brighton & Hove Albion,19:45:00
2024-01-30,Fulham,Everton,19:45:00
2024-01-30,Crystal Palace,Sheffield United,20:00:00
2024-01-30,Aston Villa,Newcastle United,20:15:00
2024-01-31,Manchester City,Burnley,19:30:00
2024-01-31,Tottenham Hotspur,Brentford,19:30:00
2024-01-31,Liverpool,Chelsea,20:15:00
2024-02-01,West Ham United,AFC Bournemouth,19:30:00
2024-02-01,Wolverhampton Wanderers,Manchester United,20:15:00
2024-02-03,Everton,Tottenham Hotspur,12:30:00
2024-02-03,Brighton & Hove Albion,Crystal Palace,15:00:00
2024-02-03,Burnley,Fulham,15:00:00
2024-02-03,Newcastle United,Luton Town,15:00:00
2024-02-03,Sheffield United,Aston Villa,17:30:00
2024-02-04,AFC Bournemouth,Nottingham Forest,14:00:00
2024-02-04,Chelsea,Wolverhampton Wanderers,14:00:00
2024-02-04,Manchester United,West Ham United,14:00:00
2024-02-04,Arsenal,Liverpool,16:30:00
2024-02-05,Brentford,Manchester City,20:00:00
2024-02-10,Manchester City,Everton,12:30:00
2024-02-10,Fulham,AFC Bournemouth,15:00:00
2024-02-10,Liverpool,Burnley,15:00:00
2024-02-10,Luton Town,Sheffield United,15:00:00
2024-02-10,Tottenham Hotspur,Brighton & Hove Albion,15:00:00
2024-02-10,Wolverhampton Wanderers,Brentford,15:00:00
2024-02-10,Nottingham Forest,Newcastle United,17:30:00
2024-02-11,West Ham United,Arsenal,14:00:00
2024-02-11,Aston Villa,Manchester United,16:30:00
2024-02-12,Crystal Palace,Chelsea,20:00:00
2024-02-17,Brentford,Liverpool,12:30:00
2024-02-17,Burnley,Arsenal,15:00:00
2024-02-17,Fulham,Aston Villa,15:00:00
2024-02-17,Newcastle United,AFC Bournemouth,15:00:00
2024-02-17,Nottingham Forest,West Ham United,15:00:00
2024-02-17,Tottenham Hotspur,Wolverhampton Wanderers,15:00:00
2024-02-17,Manchester City,Chelsea,17:30:00
2024-02-18,Sheffield United,Brighton & Hove Albion,14:00:00
2024-02-18,Luton Town,Manchester United,16:30:00
2024-02-19,Everton,Crystal Palace,20:00:00
2024-02-21,Liverpool,Luton Town,19:30:00
2024-02-24,Aston Villa,Nottingham Forest,15:00:00
2024-02-24,Brighton & Hove Albion,Everton,15:00:00
2024-02-24,Crystal Palace,Burnley,15:00:00
2024-02-24,Manchester United,Fulham,15:00:00
2024-02-24,AFC Bournemouth,Manchester City,17:30:00
2024-02-24,Arsenal,Newcastle United,20:00:00
2024-02-25,Wolverhampton Wanderers,Sheffield United,13:30:00
2024-02-26,West Ham United,Brentford,20:00:00
2024-05-02,Chelsea,Tottenham Hotspur,19:30:00
2024-03-02,Brentford,Chelsea,15:00:00
2024-03-02,Everton,West Ham United,15:00:00
2024-03-02,Fulham,Brighton & Hove Albion,15:00:00
2024-03-02,Newcastle United,Wolverhampton Wanderers,15:00:00
2024-03-02,Nottingham Forest,Liverpool,15:00:00
2024-03-02,Tottenham Hotspur,Crystal Palace,15:00:00
2024-03-02,Luton Town,Aston Villa,17:30:00
2024-03-03,Burnley,AFC Bournemouth,13:00:00
2024-03-03,Manchester City,Manchester United,15:30:00
2024-03-04,Sheffield United,Arsenal,20:00:00
2024-03-09,Manchester United,Everton,12:30:00
2024-03-09,AFC Bournemouth,Sheffield United,15:00:00
2024-03-09,Crystal Palace,Luton Town,15:00:00
2024-03-09,Wolverhampton Wanderers,Fulham,15:00:00
2024-03-09,Arsenal,Brentford,17:30:00
2024-03-10,Aston Villa,Tottenham Hotspur,13:00:00
2024-03-10,Brighton & Hove Albion,Nottingham Forest,14:00:00
2024-03-10,West Ham United,Burnley,14:00:00
2024-03-10,Liverpool,Manchester City,15:45:00
2024-03-11,Chelsea,Newcastle United,20:00:00
2024-03-16,Burnley,Brentford,15:00:00
2024-03-16,Luton Town,Nottingham Forest,15:00:00
2024-03-16,Fulham,Tottenham Hotspur,17:30:00
2024-03-17,West Ham United,Aston Villa,14:00:00
2024-04-23,Arsenal,Chelsea,20:00:00
2024-04-24,Wolverhampton Wanderers,AFC Bournemouth,19:45:00
2024-04-24,Crystal Palace,Newcastle United,20:00:00
2024-04-24,Everton,Liverpool,20:00:00
2024-04-24,Manchester United,Sheffield United,20:00:00
2024-04-25,Brighton & Hove Albion,Manchester City,20:00:00
2024-03-30,Newcastle United,West Ham United,12:30:00
2024-03-30,AFC Bournemouth,Everton,15:00:00
2024-03-30,Chelsea,Burnley,15:00:00
2024-03-30,Nottingham Forest,Crystal Palace,15:00:00
2024-03-30,Sheffield United,Fulham,15:00:00
2024-03-30,Tottenham Hotspur,Luton Town,15:00:00
2024-03-30,Aston Villa,Wolverhampton Wanderers,17:30:00
2024-03-30,Brentford,Manchester United,20:00:00
2024-03-31,Liverpool,Brighton & Hove Albion,14:00:00
2024-03-31,Manchester City,Arsenal,16:30:00
2024-04-02,Nottingham Forest,Fulham,19:30:00
2024-04-02,Newcastle United,Everton,19:30:00
2024-04-02,AFC Bournemouth,Crystal Palace,19:45:00
2024-04-02,Burnley,Wolverhampton Wanderers,19:45:00
2024-04-02,West Ham United,Tottenham Hotspur,20:15:00
2024-04-03,Arsenal,Luton Town,19:30:00
2024-04-03,Brentford,Brighton & Hove Albion,19:30:00
2024-04-03,Manchester City,Aston Villa,20:15:00
2024-04-04,Liverpool,Sheffield United,19:30:00
2024-04-04,Chelsea,Manchester United,20:15:00
2024-04-06,Crystal Palace,Manchester City,12:30:00
2024-04-06,Aston Villa,Brentford,15:00:00
2024-04-06,Everton,Burnley,15:00:00
2024-04-06,Fulham,Newcastle United,15:00:00
2024-04-06,Luton Town,AFC Bournemouth,15:00:00
2024-04-06,Wolverhampton Wanderers,West Ham United,15:00:00
2024-04-06,Brighton & Hove Albion,Arsenal,17:30:00
2024-04-07,Manchester United,Liverpool,15:30:00
2024-04-07,Sheffield United,Chelsea,17:30:00
2024-04-07,Tottenham Hotspur,Nottingham Forest,18:00:00
2024-04-13,Newcastle United,Tottenham Hotspur,12:30:00
2024-04-13,Brentford,Sheffield United,15:00:00
2024-04-13,Burnley,Brighton & Hove Albion,15:00:00
2024-04-13,Manchester City,Luton Town,15:00:00
2024-04-13,Nottingham Forest,Wolverhampton Wanderers,15:00:00
2024-04-13,AFC Bournemouth,Manchester United,17:30:00
2024-04-14,Liverpool,Crystal Palace,14:00:00
2024-04-14,West Ham United,Fulham,14:00:00
2024-04-14,Arsenal,Aston Villa,16:30:00
2024-04-15,Chelsea,Everton,20:00:00
2024-04-20,Luton Town,Brentford,15:00:00
2024-04-20,Sheffield United,Burnley,15:00:00
2024-04-20,Wolverhampton Wanderers,Arsenal,19:30:00
2024-04-21,Everton,Nottingham Forest,13:30:00
2024-04-21,Aston Villa,AFC Bournemouth,15:00:00
2024-04-21,Crystal Palace,West Ham United,15:00:00
2024-04-21,Fulham,Liverpool,16:30:00
2024-05-14,Tottenham Hotspur,Manchester City,20:00:00
2024-05-15,Brighton & Hove Albion,Chelsea,19:45:00
2024-05-15,Manchester United,Newcastle United,20:00:00
2024-04-27,West Ham United,Liverpool,12:30:00
2024-04-27,Fulham,Crystal Palace,15:00:00
2024-04-27,Manchester United,Burnley,15:00:00
2024-04-27,Newcastle United,Sheffield United,15:00:00
2024-04-27,Wolverhampton Wanderers,Luton Town,15:00:00
2024-04-27,Everton,Brentford,17:30:00
2024-04-27,Aston Villa,Chelsea,20:00:00
2024-04-28,AFC Bournemouth,Brighton & Hove Albion,14:00:00
2024-04-28,Tottenham Hotspur,Arsenal,14:00:00
2024-04-28,Nottingham Forest,Manchester City,16:30:00
2024-05-03,Luton Town,Everton,20:00:00
2024-05-04,Arsenal,AFC Bournemouth,12:30:00
2024-05-04,Brentford,Fulham,15:00:00
2024-05-04,Burnley,Newcastle United,15:00:00
2024-05-04,Sheffield United,Nottingham Forest,15:00:00
2024-05-04,Manchester City,Wolverhampton Wanderers,17:30:00
2024-05-05,Brighton & Hove Albion,Aston Villa,14:00:00
2024-05-05,Chelsea,West Ham United,14:00:00
2024-05-05,Liverpool,Tottenham Hotspur,16:30:00
2024-05-06,Crystal Palace,Manchester United,20:00:00
2024-05-11,Fulham,Manchester City,12:30:00
2024-05-11,AFC Bournemouth,Brentford,15:00:00
2024-05-11,Everton,Sheffield United,15:00:00
2024-05-11,Newcastle United,Brighton & Hove Albion,15:00:00
2024-05-11,Tottenham Hotspur,Burnley,15:00:00
2024-05-11,West Ham United,Luton Town,15:00:00
2024-05-11,Wolverhampton Wanderers,Crystal Palace,15:00:00
2024-05-11,Nottingham Forest,Chelsea,17:30:00
2024-05-12,Manchester United,Arsenal,16:30:00
2024-05-13,Aston Villa,Liverpool,20:00:00
2024-05-19,Arsenal,Everton,16:00:00
2024-05-19,Brentford,Newcastle United,16:00:00
2024-05-19,Brighton & Hove Albion,Manchester United,16:00:00
2024-05-19,Burnley,Nottingham Forest,16:00:00
2024-05-19,Chelsea,AFC Bournemouth,16:00:00
2024-05-19,Crystal Palace,Aston Villa,16:00:00
2024-05-19,Liverpool,Wolverhampton Wanderers,16:00:00
2024-05-19,Luton Town,Fulham,16:00:00
2024-05-19,Manchester City,West Ham United,16:00:00
2024-05-19,Sheffield United,Tottenham Hotspur,16:00:00
